MoSold,LotArea,OverallQual,OverallCond,YearBuilt,HalfBath,BedroomAbvGr,KitchenAbvGr,GarageCars,WoodDeckSF,OpenPorchSF,EnclosedPorch,SsnPorch,ScreenPorch,PoolArea,MiscVal,SalePrice
6,8450,7,5,2003,0,2,1,1,140,0,0,0,120,0,0,208500
6,9600,6,8,1976,1,3,1,1,393,36,0,0,0,0,12500,181500
3,11250,7,5,2001,1,3,1,2,212,34,0,0,0,0,0,223500
6,9550,7,5,1915,1,3,1,2,360,36,0,0,0,0,0,140000
1,14260,8,5,2000,0,2,1,2,0,82,0,0,144,0,0,250000
4,14115,5,5,1993,1,3,1,2,157,84,0,0,0,0,0,143000
3,10084,8,5,2004,0,3,1,2,483,21,0,0,0,0,500,307000
5,10382,7,6,1973,1,3,1,2,0,75,0,0,0,0,0,200000
2,6120,7,5,1931,1,2,1,2,192,0,0,0,0,0,0,129900
4,7420,5,6,1939,0,2,1,2,240,0,0,0,0,0,0,118000
6,11200,5,5,1965,0,2,1,2,203,68,0,0,0,0,0,129500
2,11924,9,5,2005,1,2,1,1,275,0,0,0,0,0,0,345000
3,12968,5,6,1962,1,3,1,1,0,0,0,0,0,0,0,144000
6,10652,7,5,2006,1,3,1,2,173,0,0,0,0,0,0,279500
6,10920,6,5,1960,0,2,1,1,0,30,0,0,0,0,0,157000
1,6120,7,8,1929,1,3,1,3,144,133,0,0,0,0,0,132000
6,11241,6,7,1970,0,3,1,3,0,35,0,0,0,0,0,149000
6,10791,4,5,1967,0,3,1,3,192,74,0,0,0,0,0,90000
2,13695,5,5,2004,0,3,1,3,0,119,0,0,0,0,0,159000
6,7560,5,6,1958,1,3,1,3,220,150,0,0,0,0,0,139000
6,14215,8,5,2005,1,3,1,3,238,130,0,0,0,0,0,325300
4,7449,7,7,1930,0,2,1,2,120,49,0,0,0,0,0,139400
1,9742,8,5,2002,0,3,1,2,36,23,0,0,0,0,0,230000
1,4224,5,7,1976,0,2,1,2,100,116,0,0,0,0,0,129900
6,8246,5,8,1968,1,3,1,2,100,0,0,0,0,0,0,154000
4,14230,8,5,2007,1,3,1,2,144,48,0,0,0,0,0,256300
1,7200,5,7,1951,1,4,1,3,23,172,0,0,256,0,0,134800
5,11478,8,5,2007,0,2,1,3,144,0,0,0,0,0,0,306000
4,16321,5,6,1957,0,2,1,2,0,136,0,0,0,0,0,207500
5,6324,4,6,1927,0,2,1,2,0,102,0,0,216,0,0,68500
4,8500,4,4,1920,1,3,1,2,144,68,0,0,0,0,0,40000
4,8544,5,6,1966,0,2,1,1,121,0,80,0,0,0,0,149350
4,11049,8,5,2007,0,3,1,2,296,0,186,0,0,0,0,179900
6,10552,5,5,1959,1,4,1,3,32,130,0,0,0,0,0,165500
6,7313,9,5,2005,1,4,1,3,198,30,0,0,0,0,0,277500
3,13418,8,5,2004,0,2,1,2,168,50,0,0,0,0,0,309000
1,10859,5,5,1994,1,2,1,2,0,111,0,0,0,0,0,145000
4,8532,5,6,1954,1,2,1,2,0,172,0,0,0,0,0,153000
2,7922,5,7,1953,1,2,1,2,0,172,0,0,0,0,0,109000
5,6040,4,5,1955,1,2,1,2,0,166,0,0,0,0,0,82000
5,8658,6,5,1965,1,2,1,2,0,32,0,0,0,0,0,160000
6,16905,5,6,1959,1,2,1,2,0,50,0,0,0,0,0,170000
4,9180,5,7,1983,1,1,1,3,160,192,0,224,0,0,0,144000
4,9200,5,6,1975,1,3,1,2,280,184,0,0,0,0,0,130250
4,7945,5,6,1959,0,3,1,2,277,137,0,0,0,0,0,141000
5,7658,9,5,2005,0,4,1,2,0,76,0,0,0,0,0,319900
3,12822,7,5,2003,1,4,1,2,224,32,0,0,0,0,0,239686
4,11096,8,5,2006,0,3,1,2,0,69,0,0,0,0,0,249700
6,4456,4,5,1920,2,4,1,2,0,78,0,0,0,0,0,113000
4,7742,5,7,1966,1,3,1,2,0,224,0,0,0,0,0,127000
4,13869,6,6,1997,0,3,1,2,0,0,120,0,0,0,0,177000
4,6240,6,6,1934,0,3,1,2,0,40,0,0,204,0,0,114500
5,8472,5,5,1963,0,3,1,2,0,172,0,0,0,0,0,110000
1,50271,9,5,1981,0,6,2,0,0,0,0,0,0,0,0,385000
3,7134,5,5,1955,0,3,1,2,0,0,0,0,0,0,0,130000
1,10175,6,5,1964,0,3,1,2,0,0,150,0,0,0,0,180500
1,2645,8,5,1999,0,2,1,1,238,0,0,0,0,0,1500,172500
3,11645,7,5,2004,0,4,2,2,42,0,0,0,0,0,0,196500
2,13682,10,5,2006,0,3,1,2,252,73,0,0,0,0,300,438780
5,7200,5,7,1972,0,3,1,1,0,0,0,0,0,0,0,124900
5,13072,6,5,2004,0,3,1,1,0,21,0,0,0,0,0,158000
6,7200,5,7,1920,1,3,1,2,0,28,0,0,160,0,0,101000
2,6442,8,5,2006,0,3,1,1,0,0,0,0,0,0,0,202500
5,10300,7,6,1921,0,2,1,1,0,0,0,0,0,0,0,140000
6,9375,7,5,1997,0,3,1,1,0,0,205,0,0,0,0,219500
4,9591,8,5,2004,0,2,1,1,0,0,0,0,0,0,0,317000
4,19900,7,5,1970,0,2,1,2,0,0,0,0,0,0,0,180000
5,10665,7,5,2003,0,3,1,1,414,0,0,0,0,0,0,226000
6,4608,4,6,1945,1,3,1,2,0,0,0,0,0,0,0,80000
5,15593,7,4,1953,0,2,1,2,657,0,113,0,240,0,0,225000
1,13651,7,6,1973,0,3,1,1,84,0,0,0,0,0,0,244000
5,7599,4,6,1982,0,2,1,0,51,0,135,0,0,0,0,129500
6,10141,7,5,1998,0,3,1,2,0,0,0,0,0,0,0,185000
1,10200,5,7,1954,0,3,1,1,0,0,0,0,0,0,0,144900
6,5790,3,6,1915,0,3,1,1,0,100,126,0,0,0,0,107400
3,1596,4,5,1973,0,3,1,1,0,0,334,0,0,0,0,91000
6,8475,4,7,1956,0,2,1,2,0,0,0,0,0,0,0,135750
4,8635,5,5,1948,0,3,1,1,54,228,246,0,0,0,0,127000
4,10778,4,5,1968,0,3,1,2,0,108,0,0,0,0,0,136500
6,10440,5,6,1910,0,4,2,0,0,18,18,0,0,0,0,110000
6,13000,6,6,1968,1,2,1,2,0,0,0,0,0,0,0,193500
3,4500,6,5,1998,1,3,1,1,0,0,0,0,0,0,0,153500
5,10206,8,5,2007,1,3,1,1,0,0,60,0,0,0,0,245000
4,8892,5,5,1960,0,2,1,1,135,0,41,0,0,0,0,126500
4,8530,7,5,1995,0,2,1,1,0,0,128,0,0,0,0,168500
3,16059,8,5,1991,1,3,1,2,0,0,0,0,0,0,0,260000
3,11911,6,5,2005,1,3,1,1,0,0,35,0,148,0,0,174000
3,3951,6,5,2009,1,3,1,1,221,0,48,0,0,0,0,164500
5,8470,3,2,1915,0,2,1,2,306,0,32,0,0,0,0,85000
3,8070,4,5,1994,0,4,1,2,0,10,0,0,0,0,0,123600
3,7200,4,5,1950,0,2,1,1,0,0,128,0,0,0,0,109900
6,8500,5,3,1961,1,4,1,2,160,0,364,0,0,0,0,98600
5,13360,5,7,1921,1,3,1,0,344,0,0,0,168,0,0,163500
2,7200,6,6,1910,0,3,1,1,0,0,112,0,0,0,0,133900
5,9337,6,5,1997,0,3,1,1,0,132,0,0,0,0,0,204750
1,9765,6,8,1993,1,3,1,1,0,0,248,0,0,0,0,185000
2,10264,7,5,1999,0,3,1,0,0,0,168,0,0,0,0,214000
3,10921,4,5,1965,0,3,1,1,0,0,45,0,0,0,0,94750
3,10625,5,5,1920,1,4,1,0,0,0,239,0,0,0,0,83000
6,9320,4,5,1959,0,2,2,2,56,144,0,0,0,0,0,128950
5,10603,6,7,1977,0,4,2,0,0,58,0,0,0,0,0,205000
6,9206,6,5,1985,0,3,1,1,0,0,0,0,0,0,0,178000
5,7018,5,5,1979,0,2,1,1,226,0,0,0,0,0,0,118964
5,10402,7,5,2009,0,3,1,2,0,0,0,0,0,0,0,198900
3,7758,7,4,1931,1,4,1,2,192,38,0,0,0,0,0,169500
4,9375,8,5,2003,1,1,1,2,496,0,0,0,0,0,0,250000
6,10800,4,7,1885,0,2,1,2,80,0,0,0,0,0,0,100000
5,6000,5,5,1948,1,4,1,2,336,104,0,0,0,0,0,115000
6,8500,5,7,1919,0,4,1,1,0,0,60,0,0,0,450,115000
6,11751,6,6,1977,0,3,1,1,0,52,52,0,0,0,0,190000
6,9525,6,4,1954,0,3,1,1,0,0,0,0,0,0,0,136900
6,7750,7,5,2000,0,3,1,1,240,0,0,0,0,0,0,180000
1,9965,7,5,2007,0,1,1,2,0,0,0,0,0,0,0,383970
6,21000,6,5,1953,0,3,1,2,0,144,0,0,0,0,0,217000
6,7259,6,8,1945,1,1,1,2,0,278,0,0,266,0,0,259500
5,3230,6,5,1999,1,3,1,4,450,92,0,0,0,0,0,176000
3,11616,5,5,1962,0,2,1,2,0,54,0,0,0,0,0,139000
3,8536,5,5,2006,0,3,1,2,0,59,0,0,0,0,0,155000
7,12376,7,5,1990,0,2,1,2,71,0,0,0,0,0,0,320000
4,8461,6,5,2005,1,3,1,2,0,39,0,0,0,0,0,163990
6,21453,6,5,1969,1,3,1,1,316,85,0,0,0,0,0,180000
6,6060,4,5,1939,0,3,1,2,0,0,0,0,0,0,0,100000
5,9464,6,7,1958,1,3,1,3,188,25,0,0,0,0,0,136000
4,7892,6,5,1993,1,4,1,2,331,38,0,0,0,0,0,153900
4,17043,6,5,1979,0,1,1,2,140,0,0,0,0,0,0,181000
4,6780,6,8,1935,0,2,1,1,0,0,0,0,0,0,0,84500
1,4928,6,5,1976,0,3,1,1,60,0,56,0,0,0,0,128000
6,4388,5,7,1930,0,3,1,1,257,0,168,0,0,0,0,87000
6,7590,6,5,1966,0,2,1,2,0,0,0,0,160,0,0,155000
6,8973,5,7,1958,0,3,1,1,0,0,0,0,0,0,0,150000
5,14200,7,6,1966,0,3,1,0,0,0,0,0,0,0,0,226000
5,12224,6,5,2000,0,2,1,1,0,0,36,0,0,0,0,244000
3,7388,5,6,1959,0,2,1,2,0,0,0,0,166,0,0,150750
2,6853,8,5,2001,0,6,2,0,0,0,0,0,0,0,500,220000
5,10335,5,6,1968,0,3,1,0,0,156,0,0,0,0,0,180000
7,10400,7,6,1970,1,4,1,1,0,0,86,0,0,0,0,174000
3,10355,5,5,1967,1,5,2,2,0,0,0,0,0,0,0,143000
6,11070,7,5,1988,1,3,1,2,0,0,0,0,0,0,0,171000
4,9066,8,5,1999,0,1,1,2,141,36,0,0,0,0,0,230000
3,15426,6,5,1997,0,2,1,2,112,81,0,0,0,0,0,231500
4,10500,4,5,1971,0,1,1,1,0,0,0,0,0,0,0,115000
4,11645,7,5,2005,0,2,1,1,0,56,0,0,200,0,0,260000
6,8520,5,4,1952,0,3,1,1,0,0,265,0,0,0,0,166000
5,10335,7,5,1999,0,2,1,2,128,53,0,0,155,0,0,204000
5,9100,5,5,1963,1,3,1,3,0,70,0,0,0,0,0,125000
5,2522,6,5,2004,0,3,1,2,375,26,0,0,0,0,80,130000
3,6120,5,7,1931,0,5,2,2,0,0,0,0,0,0,0,105000
5,9505,7,5,2001,0,3,1,3,100,48,0,0,0,0,0,222500
1,7500,7,5,2004,0,2,1,2,0,25,0,0,0,0,0,141000
4,6240,5,4,1936,1,3,1,2,100,0,0,0,0,0,0,115000
6,10356,5,6,1975,0,2,1,2,0,0,0,0,0,0,0,122000
3,13891,8,5,2007,0,3,1,2,0,0,0,0,0,0,0,372402
6,14803,6,5,1971,0,3,1,2,328,0,0,0,0,0,0,190000
5,13500,6,7,1960,0,2,1,1,174,0,56,0,108,0,0,235000
3,11340,6,5,1923,1,3,1,0,200,26,0,0,0,0,0,125000
6,9600,6,5,1924,1,3,1,0,0,0,0,0,0,0,0,79000
6,7200,5,7,1950,1,3,1,1,0,0,64,0,0,0,0,109500
6,12003,8,5,2009,0,3,1,1,0,0,0,0,0,0,0,269500
4,12552,7,5,2004,0,2,1,2,431,0,0,0,0,0,0,254900
2,19378,7,5,2005,2,4,2,2,200,0,0,0,0,0,600,320000
3,11120,6,6,1984,1,3,1,2,22,0,0,0,0,0,0,162500
4,13688,9,5,2003,0,5,1,1,287,0,280,0,0,0,0,412500
2,12182,7,5,2005,1,3,1,2,129,64,222,0,0,0,0,220000
3,5500,4,6,1956,1,3,1,2,162,312,0,0,0,0,0,103200
10,5400,6,7,1926,0,2,1,1,0,0,0,0,0,0,0,152000
6,10106,5,7,1940,0,4,1,2,80,21,0,0,0,0,0,127500
7,10708,5,5,1955,1,3,1,2,252,30,0,0,0,0,0,190000
8,10562,8,5,2007,1,4,1,3,120,46,0,0,0,0,0,325624
6,8244,7,5,2004,1,3,1,2,48,72,0,0,0,0,490,183500
11,16669,8,6,1981,0,1,1,2,182,57,0,0,0,0,0,228000
7,12358,5,6,1941,0,2,1,2,168,43,0,0,0,0,0,128500
9,31770,6,5,1960,0,2,1,2,52,50,0,0,0,0,0,215000
2,5306,7,7,1987,1,3,1,2,256,0,0,0,0,0,0,239000
10,10197,6,5,1961,1,3,1,2,0,84,0,0,0,0,0,163000
7,12416,6,5,1986,1,3,1,2,0,46,0,0,0,0,0,184000
11,12615,6,7,1950,0,3,1,2,0,21,0,0,0,0,0,243000
7,10029,6,5,1988,1,3,1,2,0,176,0,0,200,0,0,211000
5,13650,5,5,1958,1,4,1,2,192,192,0,0,0,0,0,172500
8,17423,9,5,2008,0,3,1,2,252,55,0,0,0,0,0,501837
8,8520,5,6,1923,1,4,1,2,178,84,0,0,0,0,0,100000
5,2117,6,5,2000,0,3,1,2,0,0,0,0,0,0,0,177000
6,7588,7,6,1920,1,3,1,2,0,35,0,0,0,0,0,200100
3,9060,5,6,1957,1,3,1,2,0,134,0,0,0,0,0,120000
10,11426,7,5,2003,1,3,1,2,225,48,0,0,0,0,0,200000
6,7438,5,8,1908,0,3,1,2,0,0,0,0,490,0,0,127000
4,22950,10,9,1892,0,3,1,2,0,0,0,0,0,0,0,475000
8,9947,7,5,1990,0,3,1,2,40,0,0,0,0,0,0,173000
3,10410,5,7,1916,1,2,1,2,0,45,0,0,0,0,0,135000
7,7018,5,5,1979,1,3,1,1,0,0,0,0,0,0,0,153337
9,4923,8,5,2001,0,3,1,2,210,0,0,0,0,0,0,286000
7,10570,8,8,1932,0,3,1,2,200,0,0,0,0,0,0,315000
7,7472,7,9,1972,1,2,1,1,0,0,0,0,0,0,0,184000
7,9017,7,5,1999,1,2,1,1,0,0,0,0,0,0,0,192000
9,2522,7,5,2004,1,3,1,2,108,0,0,0,0,0,0,130000
8,7180,5,7,1972,0,2,1,2,0,27,0,0,0,0,0,127000
5,2280,6,6,1976,1,3,1,2,0,28,0,0,0,0,0,148500
7,9416,7,5,2007,1,3,1,2,108,0,0,0,0,0,0,311872
4,25419,8,4,1918,1,3,1,2,147,0,0,0,0,0,0,235000
10,5520,6,6,1912,0,2,1,1,150,20,0,0,0,0,0,104000
7,9591,8,5,2004,0,3,1,2,0,162,0,0,0,0,1200,274900
6,8546,4,5,2003,1,4,1,3,135,64,0,0,0,0,0,140000
7,10125,6,6,1977,1,3,1,3,0,197,0,0,0,0,0,171500
5,7000,6,6,1924,0,3,1,3,192,98,0,0,0,0,0,112000
3,4438,6,5,2004,1,2,1,3,360,50,0,0,0,0,0,149000
7,3500,5,7,1947,0,3,1,3,319,90,0,0,0,0,0,110000
4,11851,7,5,1990,0,3,1,3,99,82,0,0,0,0,0,180500
6,13673,5,5,1962,1,5,1,3,192,273,0,0,0,0,0,143900
6,12493,4,5,1960,0,3,1,3,168,45,0,0,0,0,0,141000
2,14364,7,5,1988,0,2,1,3,184,52,0,0,0,0,0,277000
3,8250,6,7,1964,0,3,1,3,200,26,0,0,0,0,0,145000
6,5604,5,6,1925,0,3,1,2,165,190,0,0,0,0,0,98000
7,10420,6,5,2009,0,3,1,3,0,116,0,0,0,0,0,186000
6,8640,7,5,2009,1,4,1,3,114,40,0,0,0,0,0,252678
7,13568,5,5,1995,0,3,1,3,230,60,0,0,0,0,0,156000
8,10900,6,7,1977,0,2,1,2,192,36,0,0,0,0,0,161750
3,10011,5,6,1957,0,1,1,2,170,63,0,0,0,0,0,134450
5,8450,7,5,2004,0,2,1,2,192,26,0,0,0,0,0,210000
2,9906,4,4,1925,1,2,1,3,226,235,0,0,0,0,0,107000
7,15660,7,9,1939,1,3,1,3,208,55,0,0,0,0,0,311500
5,3010,7,5,2005,0,2,1,2,231,90,0,0,0,0,0,167240
4,8990,7,5,2006,0,2,1,2,192,42,0,0,0,0,0,204900
9,8068,6,5,2002,0,3,1,3,218,183,0,0,0,0,0,200000
11,11475,6,6,1975,0,2,1,2,148,36,0,0,0,0,0,179900
6,10500,4,6,1971,1,3,1,2,100,0,0,0,0,0,0,97000
7,13472,10,5,2003,1,3,1,2,36,20,0,0,0,0,0,386250
8,1680,5,5,1971,0,2,1,2,100,16,0,0,0,0,0,112000
8,9950,7,5,1995,1,3,1,2,100,0,0,0,0,0,0,290000
9,1869,6,6,1970,1,3,1,2,120,48,0,0,0,0,0,106000
7,8521,5,5,1967,1,3,1,2,300,48,0,0,0,0,0,125000
6,3182,7,5,2005,1,3,1,2,0,75,0,0,0,0,0,192500
5,8760,6,6,1959,1,3,1,2,100,56,0,0,0,0,0,148000
7,15138,8,5,1995,1,4,1,3,0,48,0,0,0,0,0,403000
5,1680,6,5,1972,1,3,1,2,0,0,0,0,0,0,0,94500
6,10650,5,6,1976,1,3,1,2,0,72,0,0,0,0,0,128200
3,7851,6,5,2002,1,3,1,2,0,0,0,0,0,0,0,216500
5,1680,6,3,1971,1,4,1,3,298,0,0,0,0,0,0,89500
6,8773,7,5,2004,1,3,1,2,0,0,0,0,0,0,0,185500
9,9453,7,7,1993,1,4,1,3,252,30,0,0,0,0,0,194500
6,12030,8,5,2007,0,3,1,3,182,56,0,0,0,0,0,318000
11,8741,6,4,1945,1,3,1,2,296,102,209,0,0,0,0,113000
10,9000,8,5,2008,1,3,1,2,173,165,0,0,0,0,0,262500
9,3880,5,9,1945,0,3,1,3,120,56,0,0,0,0,0,110500
9,5000,5,4,1900,1,3,1,3,144,44,0,0,0,0,0,79000
3,10762,6,6,1980,0,3,1,3,0,69,0,0,0,0,0,120000
9,8880,7,5,1994,0,3,1,2,297,50,0,0,0,0,0,205000
10,10400,7,5,1988,0,2,1,3,70,226,0,0,0,0,0,241500
10,9142,6,8,1910,0,3,1,2,0,121,0,0,0,0,0,137000
5,11310,6,5,1954,0,3,1,2,205,126,0,0,0,0,0,140000
5,11317,7,5,2003,0,3,1,3,212,136,0,0,0,0,0,180000
6,159000,6,7,1958,0,2,1,2,0,140,0,0,0,0,0,277000
7,5350,3,2,1940,1,3,1,3,168,45,0,0,0,0,0,76500
10,4750,8,5,2006,0,3,1,2,0,175,0,0,0,0,0,235000
3,8366,6,5,2004,0,3,1,3,168,120,0,0,0,0,0,173000
8,9350,6,7,1964,0,3,1,2,192,88,0,0,0,0,0,158000
3,8400,5,6,1957,1,3,1,2,0,45,0,0,0,0,0,145000
4,8738,7,5,1999,1,3,1,2,0,178,0,0,0,0,0,230000
6,8791,6,5,2003,1,3,1,2,182,0,0,0,0,0,0,207500
8,8814,7,5,2006,1,3,1,0,0,50,0,0,0,0,0,220000
1,12435,7,5,2001,1,3,1,2,146,91,0,0,0,0,0,231500
1,12702,5,5,1956,0,3,1,3,210,36,0,0,0,0,0,97000
5,19296,6,5,1962,1,3,1,2,248,102,0,0,0,0,0,176000
8,9588,8,5,2007,1,3,1,0,0,39,0,0,0,0,0,276000
6,8471,6,7,1977,0,3,1,2,0,42,0,0,0,0,0,151000
2,5500,5,7,1929,0,2,1,3,0,93,0,0,0,0,0,130000
4,5232,5,5,1925,1,4,1,2,0,74,0,0,0,0,0,73000
11,12090,6,6,1981,1,3,1,2,0,91,0,0,168,0,0,175500
2,11207,6,5,1997,0,2,1,2,0,60,0,0,0,0,0,185000
10,8400,5,8,1939,1,3,1,2,140,32,0,0,0,0,0,179500
7,6900,5,6,1940,1,3,1,2,0,48,0,0,0,0,0,120500
5,7917,6,7,1976,0,4,2,2,0,0,0,0,0,0,0,148000
11,10728,8,5,2006,0,3,1,2,0,28,0,0,0,0,0,266000
6,39104,7,7,1954,0,3,1,2,0,312,0,0,0,0,0,241500
7,11764,8,7,1999,0,2,1,1,158,0,0,0,0,0,0,290000
5,9600,6,6,1958,0,3,1,1,171,0,0,0,0,0,0,139000
10,8314,5,7,1982,0,3,1,1,0,0,0,0,0,0,0,124500
10,7264,7,7,1925,0,3,1,1,0,0,0,0,0,0,0,205000
4,9196,7,5,2003,0,2,1,3,462,0,0,255,0,0,0,201000
7,19138,4,5,1951,1,3,1,2,502,60,0,0,0,0,0,141000
7,14450,9,5,2006,1,3,1,3,0,177,0,0,0,0,0,415298
1,10005,7,5,1977,1,2,1,2,0,254,0,0,0,0,0,192000
3,11287,7,6,1989,1,1,1,2,0,169,0,0,0,0,0,228500
8,7200,6,5,2006,1,2,1,2,0,32,0,0,0,0,0,185000
9,5063,7,5,2007,1,3,1,2,0,34,0,0,0,0,0,207500
6,9612,8,5,2008,0,2,1,2,501,120,0,225,0,0,0,244600
6,8012,6,5,1992,1,2,1,2,228,20,218,0,0,0,0,179200
1,4251,7,5,2006,1,4,1,2,0,64,0,0,0,0,0,164700
6,9786,6,7,1962,1,3,1,2,297,40,0,0,0,0,0,159000
5,8125,4,4,1971,1,5,1,2,0,120,0,0,168,0,0,88000
8,9819,5,5,1967,0,3,1,2,312,11,0,0,0,0,650,122000
8,8730,6,7,1915,0,3,1,1,0,0,0,0,0,0,0,153575
11,15611,8,5,2006,2,4,1,2,321,72,0,0,156,0,0,233230
6,5687,5,6,1912,0,2,1,1,0,0,0,0,0,0,0,135900
3,11409,5,4,1949,1,3,1,2,160,40,0,0,0,0,0,131000
5,16659,7,7,1977,1,4,1,2,0,77,0,0,196,0,0,235000
5,9600,6,5,1953,0,3,1,2,0,20,0,0,0,0,0,167000
8,7937,6,6,1984,0,2,1,2,0,0,0,360,0,0,0,142500
9,13710,5,5,1950,0,3,1,1,0,0,0,0,0,0,0,152000
5,7399,7,5,1997,0,3,1,3,0,0,84,0,0,0,0,239000
7,11700,6,6,1968,0,3,1,2,0,99,0,0,0,0,0,175000
2,14000,6,8,1950,1,3,1,2,172,28,0,0,121,0,0,158500
7,15750,5,5,1953,1,3,1,2,0,32,0,0,92,0,0,157000
6,16226,8,5,1998,1,4,1,2,0,40,264,0,0,0,0,267000
9,13704,7,5,2001,0,4,1,2,85,0,0,0,0,0,0,205000
2,9800,5,7,1972,0,2,1,1,0,70,0,0,0,0,0,149900
4,18386,7,9,1880,0,2,1,2,0,67,260,0,0,0,0,295000
4,10386,8,5,2004,0,3,1,2,0,49,0,0,288,0,0,305900
7,13474,7,5,1990,0,2,1,2,0,110,0,0,342,0,0,225000
6,7920,6,7,1920,0,3,1,1,257,0,0,0,0,0,0,89500
8,12342,4,5,1940,1,3,1,2,0,0,203,0,0,0,0,82500
6,12378,9,5,2003,0,3,1,1,156,0,0,0,0,0,0,360000
11,7685,6,5,1993,0,3,1,1,0,35,120,0,0,0,0,165600
7,8000,6,6,1948,0,3,1,1,280,0,0,0,0,0,0,132000
11,7800,5,7,1939,0,3,1,1,0,189,140,0,0,0,0,119900
12,215245,7,5,1965,0,4,2,2,0,0,0,0,0,0,0,375000
2,9600,7,7,1925,0,3,1,1,0,0,0,0,0,0,0,178000
10,7795,7,5,2004,0,2,1,2,0,0,0,0,255,0,0,188500
8,13005,7,7,1980,0,2,1,1,0,0,0,0,0,0,0,260000
3,9000,8,5,2006,0,2,1,1,0,0,0,0,0,0,0,270000
8,9900,7,5,1993,1,2,1,1,208,0,100,0,0,0,0,260000
12,14115,7,5,1980,1,3,1,2,0,0,134,0,0,0,0,187500
8,16259,9,5,2006,0,3,1,1,126,0,0,0,0,0,0,342643
8,12099,8,5,2004,0,2,1,1,0,90,0,0,0,0,0,354000
8,10380,7,5,1986,0,4,1,2,187,0,128,0,0,0,0,301000
5,5820,3,8,1955,0,2,1,1,0,0,168,0,111,0,0,126175
12,11275,7,7,1967,0,3,1,1,0,0,0,0,112,0,0,242000
6,5000,5,6,1941,0,3,1,2,0,0,432,0,0,0,0,87000
8,10846,8,5,1993,0,4,1,2,0,0,112,0,0,0,0,324000
6,11600,6,5,1960,0,2,1,0,0,81,0,0,0,0,0,145250
6,11888,6,6,1916,0,2,1,2,0,0,0,0,0,0,0,214500
11,6402,5,5,1920,1,1,1,1,0,30,0,0,0,0,0,78000
8,10624,5,4,1964,2,6,2,3,0,0,0,0,0,0,0,119000
6,8176,5,6,1958,1,3,1,1,0,0,0,0,216,0,0,139000
5,10655,8,5,2003,0,3,1,2,0,0,156,0,0,0,0,284000
9,8198,7,5,2004,0,2,1,2,0,0,42,0,0,0,450,207000
4,9042,6,5,1998,0,3,1,1,0,0,0,0,0,0,0,192000
4,164660,5,6,1965,0,2,1,1,0,28,64,0,0,0,0,228950
12,14157,9,5,2005,0,3,1,2,0,0,0,0,231,0,0,377426
3,9135,7,5,2002,0,3,1,1,0,0,0,0,0,0,0,214000
9,14145,7,7,1984,0,2,1,1,0,68,0,0,0,0,0,202500
7,12400,6,7,1958,0,3,1,1,0,0,0,0,0,0,0,155000
8,14191,8,5,2002,0,4,1,1,0,204,0,0,0,0,0,202900
8,8400,4,4,1950,0,3,1,2,180,36,0,0,0,0,0,82000
3,8544,3,4,1949,1,4,1,2,0,55,0,0,0,0,0,87500
11,8849,9,5,2005,0,2,1,2,0,40,0,0,0,0,0,266000
4,2592,5,3,1976,0,3,1,1,0,0,0,0,0,0,0,85000
6,6435,6,5,1939,0,3,1,1,54,0,40,0,0,0,0,140200
6,12772,6,8,1960,0,4,2,2,0,28,169,0,0,0,0,151500
7,17600,6,5,1960,1,3,1,2,0,0,0,0,0,0,0,157500
3,2448,7,5,2003,0,3,1,0,0,0,176,0,0,0,0,154000
10,20431,9,5,2005,1,3,1,2,0,36,0,0,182,0,0,437154
10,7820,9,5,2007,0,4,2,0,0,0,148,0,0,0,0,318061
7,5271,7,5,1986,0,3,1,0,80,0,244,0,0,0,0,190000
3,9084,5,6,1941,1,3,1,1,0,12,0,0,0,0,0,95000
11,8520,6,8,1928,0,2,1,2,0,0,128,0,0,0,0,105900
10,8400,6,5,1940,0,1,1,1,0,0,25,0,0,0,0,140000
2,11249,6,5,1995,0,2,1,1,0,0,81,0,0,0,0,177500
6,9248,6,6,1992,0,3,1,2,0,0,160,0,0,0,0,173000
6,4224,5,5,1976,0,3,1,1,0,235,0,0,0,0,0,134000
5,6930,5,4,1958,0,3,1,1,0,103,0,0,0,0,0,130000
6,12011,8,5,1998,0,2,1,0,0,33,0,0,0,0,0,280000
9,7540,6,6,1978,0,3,1,1,0,0,176,0,0,0,0,156000
9,9144,5,5,1940,0,4,1,3,0,0,238,0,0,0,0,145000
9,7301,7,5,2003,0,2,1,0,0,36,94,0,0,0,0,198500
9,1680,6,8,1972,0,3,1,1,266,61,0,0,0,0,0,118000
5,18800,6,5,1976,0,3,1,1,244,60,0,0,0,0,0,190000
6,10690,5,7,1920,0,3,1,1,0,0,98,0,0,0,0,147000
3,9500,6,5,1963,0,2,1,1,0,15,51,0,0,0,0,159000
2,9150,6,5,1962,0,3,1,1,189,0,34,150,0,0,0,165000
8,7800,5,6,1954,0,2,1,5,0,0,105,0,0,0,0,132000
6,9830,5,7,1959,0,3,1,2,0,0,150,0,0,0,0,162000
6,8121,6,5,2000,0,3,1,1,24,28,0,0,0,0,400,172400
9,17120,4,4,1959,0,4,2,0,0,56,0,0,0,0,0,134432
8,7175,6,5,1984,0,4,1,1,0,0,213,0,0,0,0,125000
2,10634,5,6,1953,0,3,1,1,0,24,112,0,0,0,0,123000
5,8200,7,5,2003,1,6,1,0,0,188,102,0,0,0,0,219500
8,10020,1,1,1922,0,3,1,1,0,0,148,0,0,0,0,61000
7,8846,5,5,1996,0,1,1,0,0,0,105,0,160,0,0,148000
2,11143,8,5,2004,1,3,1,1,0,0,288,0,0,0,0,340000
9,11394,9,2,2010,0,2,1,1,0,0,24,0,0,0,0,394432
3,8123,6,5,2000,0,3,1,0,120,0,0,0,0,0,0,179000
7,5000,5,6,1924,0,2,2,1,0,0,0,0,0,0,0,127000
3,7200,7,5,2006,0,4,1,1,0,0,0,0,0,0,0,187750
4,9245,7,5,2006,1,3,1,1,0,215,0,0,0,0,0,213500
6,9000,6,3,1928,0,3,1,2,0,0,0,0,0,0,0,76000
7,53107,6,5,1992,0,4,1,1,290,40,0,0,0,0,0,240000
3,3182,8,5,2004,0,3,1,2,0,0,0,0,140,0,0,192000
10,8410,5,3,1910,1,4,1,1,131,28,0,0,0,0,0,81000
6,7200,6,6,1976,0,2,1,0,0,0,100,0,0,0,0,125000
10,9382,7,5,1999,0,2,1,2,0,0,90,0,110,0,0,191000
2,12474,10,5,2007,0,2,1,1,0,0,0,0,0,0,0,426000
7,8405,5,8,1900,1,3,1,1,0,50,0,0,0,0,0,119000
9,12209,6,5,2001,0,3,1,1,328,0,0,0,0,0,0,215000
2,8339,5,7,1959,0,2,1,1,0,105,0,0,0,0,0,106500
7,7446,4,5,1941,1,1,1,2,114,36,0,0,0,0,0,100000
9,10134,5,6,1940,1,2,1,2,0,0,0,0,0,0,600,109000
8,9571,5,6,1956,1,3,1,2,400,100,144,0,0,0,0,129000
6,7200,5,5,1972,0,4,1,2,0,0,0,0,0,0,0,123000
6,7590,5,5,1962,0,6,2,2,73,0,0,0,0,0,0,169500
6,8967,5,2,1920,0,4,2,2,0,0,0,0,0,0,0,67000
6,8125,7,5,2006,2,2,2,2,120,0,0,0,0,0,0,241000
6,14963,8,5,1996,0,4,2,2,0,0,0,0,0,0,0,245500
10,8767,7,5,2005,2,6,2,4,312,0,0,0,0,0,0,164990
10,10200,5,8,1940,2,6,2,4,312,0,0,0,0,0,0,108000
10,12090,8,5,1998,2,6,2,4,312,0,0,0,0,0,0,258000
7,10364,6,5,1995,1,1,1,3,185,24,0,0,0,0,0,168000
11,9991,4,4,1976,0,3,1,3,208,104,0,0,0,0,0,150000
6,10480,6,5,1936,0,3,1,3,192,142,0,0,0,0,0,115000
4,15576,6,7,1915,0,3,1,2,154,222,0,0,0,0,0,177000
5,14154,7,5,2006,0,2,1,2,168,0,0,0,0,0,0,280000
3,10800,8,5,2007,0,2,1,3,168,92,0,0,0,0,0,339750
3,9571,5,3,1958,0,3,1,3,144,98,0,0,0,0,0,60000
7,34650,5,5,1955,1,3,1,2,36,28,0,0,0,0,0,145000
6,4403,7,5,2009,1,3,1,2,150,193,0,0,0,0,0,222000
10,8960,5,6,1927,0,3,1,1,66,0,0,0,92,0,0,115000
12,11228,7,5,1993,0,3,1,2,0,81,0,0,0,0,0,228000
4,8899,7,5,2007,1,3,1,2,150,96,0,0,0,0,0,181134
4,7844,6,7,1978,0,3,1,2,144,40,0,0,0,0,0,149500
7,22420,6,6,1918,0,3,1,2,0,114,0,0,168,0,0,239000
7,8160,5,6,1940,0,3,1,1,72,0,0,0,0,0,0,126000
10,8450,5,6,1968,0,2,1,2,0,0,0,0,0,0,0,142000
9,7060,7,5,1997,0,3,1,3,262,93,0,0,0,0,0,206300
6,16635,6,7,1977,1,4,1,2,192,132,0,0,0,0,0,215000
11,21750,5,5,1954,1,3,1,2,0,48,0,0,0,0,0,113000
5,9200,8,5,1998,1,3,1,2,256,43,0,0,0,0,0,315000
6,9000,6,5,1956,0,2,1,2,135,34,0,0,0,0,0,139000
6,3378,7,8,1946,0,3,1,2,194,144,0,0,0,0,0,135000
8,12800,7,5,1989,0,3,1,2,60,0,0,0,117,0,0,275000
1,8593,4,6,1957,0,3,1,3,0,48,0,0,195,0,0,109008
7,6762,7,5,2007,1,3,1,2,100,36,0,0,0,0,0,195400
7,11457,6,5,1988,0,3,1,1,0,240,0,0,0,0,0,175000
4,1680,6,5,1971,0,2,1,2,0,28,0,0,0,0,0,85400
3,5586,6,7,1920,0,3,1,1,0,0,0,0,0,0,0,79900
6,1920,5,5,1971,0,3,1,1,0,41,211,0,0,0,900,122500
8,10839,6,5,1997,0,6,2,0,0,0,0,0,0,0,0,181000
5,1890,4,7,1972,0,2,1,1,0,0,0,0,0,0,0,81000
9,10667,7,6,1996,0,3,1,1,84,0,0,0,0,0,0,212000
7,4400,6,8,1920,1,3,1,1,0,0,55,0,0,0,0,116000
3,6000,6,7,1926,1,3,1,1,329,96,0,0,0,0,0,119000
10,4280,5,6,1913,0,3,1,2,0,0,180,0,0,0,0,90350
5,12354,6,8,1920,0,3,1,1,0,113,0,0,195,0,0,110000
2,15431,10,5,2008,1,2,1,2,0,21,150,0,0,0,0,555000
6,12108,4,4,1955,0,2,1,1,483,0,0,0,115,0,0,118000
7,6240,5,7,1930,1,5,2,2,0,0,57,0,0,0,0,162900
10,3922,7,5,2006,0,2,1,1,0,0,0,0,0,0,0,172500
5,8750,7,5,1994,0,3,1,2,0,148,0,0,120,0,0,210000
10,9855,6,5,1956,0,3,1,1,0,0,81,0,0,0,0,127500
1,16492,6,6,1966,1,3,1,2,0,201,0,0,0,0,0,190000
5,11214,7,5,1998,0,2,1,2,279,0,0,0,0,0,0,199900
10,8600,6,6,1937,1,2,1,2,176,0,0,0,0,0,0,119500
7,6000,3,7,1948,1,2,1,2,154,0,0,0,0,0,0,120000
4,5684,6,8,1930,1,3,1,2,400,112,0,0,0,0,1500,110000
7,70761,7,5,1975,0,3,1,2,200,144,0,0,0,0,0,280000
12,9303,6,5,1996,0,5,1,2,467,160,78,0,0,0,0,204000
5,9000,8,5,2008,0,2,1,1,0,0,72,0,0,0,0,210000
6,9297,5,5,1976,0,2,1,2,162,53,0,153,0,0,0,188000
3,9600,7,6,1973,0,1,1,1,119,24,0,0,0,0,0,175500
5,4571,5,5,1916,1,3,1,3,210,91,0,0,0,0,0,98000
4,53227,4,6,1954,0,2,1,1,319,0,0,0,0,0,0,256000
11,5100,8,7,1925,1,2,1,2,302,39,0,0,120,0,0,161000
4,7015,5,4,1950,0,2,1,2,0,0,0,0,0,0,0,110000
7,8004,8,5,2009,0,3,1,3,90,154,0,0,0,0,0,263435
1,7200,7,9,1936,0,3,1,3,0,95,0,0,0,0,0,155000
2,8281,5,5,1965,1,3,1,2,305,24,0,0,0,0,2500,62383
7,11988,6,7,1934,1,3,1,2,224,238,0,0,0,0,0,188700
2,8430,5,5,1978,1,3,1,2,124,114,0,0,0,0,0,124000
5,3072,7,5,2004,0,2,1,3,308,52,0,0,0,0,0,178740
4,10628,7,5,1970,0,3,1,1,144,0,0,0,0,0,0,167000
3,9480,5,7,1942,0,3,1,2,0,16,0,0,0,0,0,146500
7,11428,8,5,2006,0,2,1,1,138,0,0,0,0,0,0,250000
8,9291,6,5,1993,0,2,1,1,280,0,0,0,0,0,700,187000
6,6820,8,5,1985,0,2,1,2,100,32,0,0,0,0,0,212000
7,11952,7,6,1977,1,3,1,2,150,0,0,0,0,0,0,190000
4,3675,6,5,2005,1,4,1,2,0,173,368,0,0,0,0,148000
4,14977,8,5,2006,1,3,1,2,0,36,0,0,0,0,0,440000
10,5330,8,5,2000,1,3,1,2,192,49,0,0,0,0,0,251000
5,8480,5,6,1963,1,3,1,2,100,82,0,0,0,0,0,132500
11,13125,6,5,1997,1,3,1,2,168,84,0,0,0,0,0,208900
11,13693,9,5,2006,0,3,1,2,0,39,0,0,0,0,0,380000
7,10637,8,5,2007,1,1,1,2,0,0,0,0,0,0,0,297000
8,5925,4,7,1937,0,2,1,2,0,82,0,0,144,0,0,89471
4,16033,9,5,2004,1,3,1,2,0,39,0,0,0,0,0,326000
9,11846,9,5,2003,1,3,1,2,0,40,0,0,0,0,0,374000
4,2500,7,8,1915,0,2,1,2,0,73,154,0,0,0,0,155000
7,4500,6,5,1998,1,5,1,3,192,32,0,0,0,0,0,164000
9,7758,5,7,1962,0,2,1,3,214,76,0,0,0,0,0,132500
5,9600,5,7,1950,0,3,1,2,0,0,144,0,0,0,750,147000
7,10289,5,7,1965,0,2,1,2,156,48,0,0,0,0,0,156000
7,12243,5,6,1971,1,3,1,2,0,0,180,0,0,0,0,175000
6,10800,5,4,1900,0,2,1,2,0,48,0,0,141,0,0,160000
7,1526,4,8,1970,0,3,1,2,152,0,0,0,0,0,0,86000
8,2665,5,6,1976,0,3,1,2,200,0,0,0,0,0,0,115000
3,9490,6,7,1941,0,3,1,2,467,0,0,0,0,0,0,133000
11,15578,6,5,2006,0,3,1,2,0,0,0,174,0,0,0,172785
3,7931,5,6,1960,1,3,1,2,28,73,0,0,0,0,0,155000
6,5784,5,8,1938,1,3,1,2,0,0,0,0,0,0,0,91300
12,7879,4,5,1920,1,4,1,4,0,16,0,0,208,0,0,34900
4,12692,8,5,1992,0,2,1,2,0,24,0,0,0,0,0,430000
6,9120,7,6,1925,1,4,1,3,192,180,218,0,0,0,0,184000
6,7800,5,7,1967,2,4,2,2,0,45,0,0,0,0,0,130000
9,7535,5,7,1958,0,2,1,1,16,0,0,0,0,0,0,120000
5,1890,6,5,1973,0,3,1,2,0,0,0,0,0,0,0,113000
2,9803,7,5,2005,1,2,1,1,52,0,0,0,0,0,0,226700
4,9170,5,7,1965,1,2,1,1,411,0,0,0,0,0,0,140000
12,15602,7,8,1959,1,3,1,1,0,0,0,0,0,0,0,289000
5,2308,6,5,1974,1,4,1,2,0,0,0,0,0,0,0,147000
9,7596,5,5,1952,0,2,1,2,0,38,0,0,0,0,0,124500
1,9554,8,5,1993,0,3,1,3,209,95,0,0,0,0,0,215000
8,7862,6,5,2009,1,4,1,3,358,78,0,0,0,0,0,208300
5,9600,7,9,1928,0,2,1,3,156,207,0,0,0,0,0,161000
10,9600,5,6,1959,1,4,1,3,212,182,0,0,0,0,0,124500
6,14559,5,7,1951,1,4,1,4,30,200,0,0,192,0,0,164900
8,6792,7,5,2005,1,3,1,3,192,63,0,0,0,0,0,202665
6,9100,5,5,1958,1,4,1,3,100,24,0,0,0,0,0,129900
7,9187,6,5,1983,1,4,1,3,224,142,0,0,0,0,0,134000
2,10594,5,5,1926,1,1,1,3,154,65,0,0,216,144,0,96500
6,12220,10,5,2009,0,2,1,3,216,28,0,0,0,0,0,402861
1,10448,6,6,1972,1,4,1,3,0,60,0,0,0,0,0,158000
7,10208,7,5,1996,1,4,1,3,268,58,0,0,0,0,0,265000
11,9531,6,5,1998,0,2,1,3,0,48,0,0,0,0,0,211000
6,10918,7,9,1926,0,2,1,2,0,33,0,0,0,0,0,234000
6,10800,4,7,1900,0,2,1,3,210,0,0,0,0,0,0,106250
6,11988,6,6,1957,0,2,1,2,0,35,0,0,0,0,0,150000
2,5000,6,7,1947,0,2,1,2,0,35,0,0,0,0,0,159000
10,40094,10,5,2007,1,2,1,2,0,27,0,0,0,0,0,184750
8,11787,7,5,1996,0,2,1,3,156,20,0,0,144,0,0,315750
5,7500,7,5,2005,0,2,1,3,143,20,0,0,0,0,0,176000
3,13300,5,7,1956,0,2,1,2,100,24,0,0,0,0,0,132000
7,14948,9,5,2008,1,3,1,2,0,75,0,0,0,0,0,446261
7,9098,4,7,1920,1,3,1,2,138,48,0,0,0,0,0,86000
5,32668,6,3,1957,1,4,1,2,120,48,0,0,0,0,0,200624
11,10200,6,5,1988,0,2,1,2,192,26,0,0,0,0,0,175000
7,6155,6,8,1920,1,3,1,2,108,0,0,0,0,0,0,128000
4,7200,5,7,1955,1,3,1,2,100,35,0,0,0,0,0,107500
5,5000,1,3,1946,1,4,1,2,144,44,0,0,0,0,0,39300
5,9056,8,5,2004,1,3,1,2,0,103,0,0,0,0,0,178000
9,7000,5,7,1910,1,3,1,2,0,131,0,0,0,0,0,107500
6,8924,7,5,1998,1,4,1,3,162,153,0,0,0,0,0,188000
7,12735,4,5,1972,0,2,1,3,144,33,0,0,0,0,0,111250
6,11553,5,5,1968,1,4,1,2,168,0,0,0,0,0,0,158000
6,11423,8,5,2001,1,4,1,3,192,87,0,0,0,0,0,272000
7,14601,9,5,2006,1,4,1,3,385,99,0,0,0,0,0,315000
5,11000,8,5,2000,0,3,1,3,0,26,0,0,0,0,0,248000
7,10140,7,5,1998,0,3,1,3,144,60,0,0,0,0,0,213250
2,4058,7,5,1998,1,3,1,3,168,108,0,0,0,0,0,133000
8,17104,7,5,2006,0,3,1,2,0,20,0,0,0,0,0,179665
7,13837,7,5,1988,0,3,1,2,192,113,0,0,0,0,0,229000
6,8737,6,7,1923,0,3,1,3,133,120,0,0,0,0,0,210000
4,7244,5,7,1970,0,2,1,2,168,168,0,0,0,0,0,129500
7,8235,5,7,1955,1,3,1,2,143,66,0,0,0,0,0,125000
7,9375,7,5,2003,1,3,1,2,168,68,0,0,0,0,0,263000
6,4043,6,6,1977,0,3,1,0,0,90,0,0,0,0,0,140000
3,6000,5,6,1957,0,3,1,2,0,32,0,0,0,0,0,112500
4,11146,8,5,2006,1,3,1,2,0,70,0,0,0,0,0,255500
10,8777,4,5,1949,1,3,1,2,144,96,0,0,0,0,0,108000
11,10625,7,5,2003,1,3,1,2,144,74,0,0,0,0,2000,284000
9,6380,5,6,1922,1,3,1,2,0,68,0,0,0,0,0,113000
5,14850,5,5,1957,1,3,1,2,192,85,0,0,0,0,0,141000
8,11040,4,6,1920,0,3,1,1,145,56,0,0,0,0,400,108000
7,21872,7,5,1996,0,3,1,1,132,0,0,0,0,0,0,175000
4,3196,7,5,2003,0,3,1,1,0,0,0,0,0,0,0,234000
1,11341,5,6,1957,0,3,1,1,0,0,0,0,0,0,650,121500
7,10010,5,5,1974,0,3,1,2,117,108,165,0,0,0,0,170000
7,13907,5,6,1940,0,4,1,2,0,0,92,0,0,0,0,108000
6,21780,6,7,1918,1,4,1,2,237,251,0,0,196,0,0,185000
6,13346,7,5,1992,1,4,1,2,294,49,0,0,0,0,0,268000
6,6858,6,4,1915,0,1,1,2,0,100,0,0,0,0,0,128000
5,11198,9,5,2005,1,2,1,2,0,166,0,0,0,0,0,325000
3,10171,7,5,2004,0,2,1,2,0,102,0,0,0,0,0,214000
4,12327,8,8,1983,1,3,1,2,0,32,0,0,0,0,0,316600
7,7032,5,5,1979,0,2,1,2,230,68,0,0,0,0,0,135960
7,13101,5,5,1965,1,1,1,2,277,45,0,0,0,0,0,142600
9,7332,6,6,1959,1,2,1,2,155,58,0,0,0,0,0,120000
6,13159,7,5,2009,0,2,1,2,124,113,0,0,0,0,0,224500
6,9967,7,5,2000,1,3,1,2,20,0,0,0,0,0,0,170000
6,10500,5,7,1971,1,3,1,2,0,0,0,0,0,0,0,139000
12,8480,5,5,1947,1,3,1,2,169,0,0,0,0,0,0,118500
12,6292,7,7,1928,1,3,1,2,169,0,0,0,0,0,0,145000
2,11777,5,6,1966,1,2,1,2,0,90,0,0,94,0,0,164500
8,3604,7,5,2007,1,1,1,2,172,24,0,0,0,0,0,146000
6,12150,5,5,1954,2,3,1,3,140,70,16,0,0,0,0,131500
5,14585,6,6,1960,0,3,1,2,280,90,0,0,0,0,0,181900
4,12704,8,5,2008,1,3,1,2,144,112,0,0,0,0,0,253293
5,11841,6,5,1990,0,4,1,2,0,0,0,0,216,0,0,118500
10,13500,10,9,1893,1,4,1,2,25,0,0,0,192,0,0,325000
8,6120,4,7,1935,0,4,1,2,0,62,192,0,0,0,450,133000
8,11443,8,5,2005,0,4,2,2,0,0,0,0,0,0,0,369900
6,10267,6,7,1918,1,4,1,2,0,40,0,0,0,0,0,130000
7,8740,5,6,1982,0,3,1,2,233,0,0,0,0,0,0,137000
11,25095,5,8,1968,0,6,2,2,0,0,0,0,0,0,0,143000
5,9100,5,6,1930,1,4,1,2,0,0,0,0,0,0,0,79500
3,8320,7,5,2004,0,2,1,1,0,0,40,0,200,0,0,185900
5,13478,10,5,2008,0,3,1,2,0,0,0,0,164,0,0,451950
8,6600,5,8,1982,0,3,1,1,290,0,0,0,0,0,0,138000
9,4435,6,5,2003,0,2,1,1,0,0,0,0,0,0,0,140000
2,7990,5,6,1975,0,3,1,2,0,22,0,0,0,0,0,110000
9,11302,8,5,2005,0,3,1,1,0,192,0,0,0,0,0,319000
6,3600,6,7,1910,0,3,1,1,120,24,0,0,0,0,0,114504
8,3922,7,5,2006,1,4,1,2,0,230,0,0,0,0,0,194201
5,12984,5,6,1977,0,3,1,1,0,88,0,0,95,0,0,217500
6,1950,6,6,1980,0,2,1,1,150,0,0,0,256,0,0,151000
5,10927,8,5,2005,0,3,1,2,490,0,0,0,0,0,0,275000
4,9000,6,6,1937,0,3,1,1,0,0,0,0,0,0,0,141000
5,10041,8,5,1992,0,2,1,1,0,0,0,0,0,0,0,220000
5,3182,7,5,2004,1,3,1,2,0,0,0,0,0,0,0,151000
7,12803,7,5,2002,0,2,1,2,0,32,0,0,0,0,0,221000
9,13600,7,6,1965,0,3,1,2,0,40,0,0,0,0,1500,205000
10,12464,5,5,1996,1,4,1,1,0,72,0,0,0,0,0,152000
1,7800,5,8,1948,0,5,2,2,0,0,0,0,0,0,0,225000
8,12168,8,6,1934,0,1,1,1,0,0,66,0,0,0,0,359100
5,7943,4,5,1961,0,3,1,1,84,0,96,0,0,0,0,118500
7,11050,9,5,2000,0,2,1,1,88,108,0,0,0,0,0,313000
6,10395,6,6,1978,0,3,1,4,0,0,100,0,0,0,0,148000
6,11885,8,5,2001,1,3,1,2,200,48,0,0,0,0,450,261500
4,8402,5,5,2007,1,3,1,2,0,304,144,0,0,0,6500,147000
6,1491,4,6,1972,0,3,1,1,36,82,0,0,0,0,0,75500
2,8800,6,7,1963,0,2,1,2,0,0,0,0,0,0,0,137500
5,7861,6,5,2002,1,3,1,1,0,240,0,0,0,0,0,183200
11,7227,6,6,1954,0,3,1,1,0,0,0,0,0,0,0,105500
9,11694,9,5,2007,0,3,1,2,108,0,0,0,0,0,0,314813
6,12244,8,5,2003,0,2,1,1,0,0,0,0,0,0,0,305000
4,8248,3,3,1914,0,4,1,1,0,0,0,0,0,0,0,67000
11,10800,6,7,1974,0,6,2,0,0,0,0,0,0,0,0,240000
3,7064,5,6,1977,1,3,1,2,0,0,0,0,0,0,0,135000
7,2117,6,5,2000,0,2,1,1,0,0,0,0,0,0,0,168500
5,10400,6,5,1972,0,3,1,1,0,0,0,0,0,0,0,165150
12,10000,6,6,1962,0,3,1,1,0,175,0,0,0,0,0,160000
7,12342,5,5,1960,0,3,1,2,0,0,0,0,0,0,0,139900
1,9600,6,6,1955,0,2,1,1,192,50,0,0,0,0,0,153000
8,11606,5,5,1969,0,2,1,1,0,0,0,0,0,0,0,135000
6,9020,6,5,1964,1,4,1,1,0,0,248,0,0,0,0,168500
6,9000,5,6,1880,0,3,2,0,0,172,109,0,0,0,0,124000
5,4590,8,5,2006,0,2,1,2,187,0,0,0,0,0,0,209500
6,11900,7,5,1977,0,2,1,1,0,0,236,0,0,0,0,82500
2,9250,5,7,1954,0,2,1,0,0,28,0,0,0,0,0,139400
5,6979,6,5,1980,0,3,2,2,0,0,126,0,0,0,0,144000
9,10896,6,7,1914,0,2,1,1,0,0,96,0,0,0,0,200000
9,6120,2,3,1936,0,3,1,0,0,165,30,0,0,0,0,60000
6,6000,5,4,1954,0,3,1,3,0,20,0,0,0,0,0,93000
3,8777,5,7,1910,0,1,1,1,76,0,120,0,0,0,0,85000
12,3982,8,5,2006,0,5,1,0,0,0,0,0,0,0,0,264561
2,12677,8,5,2003,0,4,2,2,192,0,60,0,0,0,0,274000
3,7050,7,5,2001,0,3,1,1,0,192,0,0,0,0,0,226000
5,13860,8,7,1972,0,2,1,1,0,0,139,0,0,0,0,345000
4,10793,5,5,1969,0,4,2,2,0,0,219,0,0,0,0,152000
2,9187,9,5,2009,1,3,1,0,240,77,0,0,0,0,0,370878
11,10530,6,5,1971,0,2,1,2,0,24,144,0,0,0,0,143250
12,7200,5,5,1950,0,5,1,2,0,299,0,0,0,0,0,98300
6,10452,6,5,1953,0,2,1,1,0,0,0,0,0,0,0,155000
5,7700,6,5,1966,0,2,1,1,0,0,0,0,0,0,0,155000
7,1936,4,6,1970,0,2,1,1,265,0,0,0,0,0,0,84500
8,8125,7,6,2007,1,3,1,1,210,0,0,0,0,0,0,205950
7,9084,4,5,1940,0,3,1,1,0,30,0,0,0,0,0,108000
5,8750,7,5,1996,0,3,1,1,0,0,0,0,0,0,0,191000
4,10320,6,7,1906,1,3,1,1,38,112,0,0,0,0,400,135000
7,10437,8,6,1995,1,3,1,1,0,11,0,0,0,0,0,350000
7,1680,6,5,1971,0,2,1,2,0,0,48,0,0,0,0,88000
5,10007,5,7,1959,0,3,1,1,272,0,0,0,0,0,0,145500
4,7200,7,6,1931,0,2,2,1,0,0,0,0,0,0,0,149000
4,17503,6,5,1948,0,3,1,1,0,0,101,0,0,0,0,97500
4,9937,5,7,1964,0,3,1,1,0,0,180,0,0,0,0,167000
4,12384,7,7,1976,0,2,1,1,0,0,0,0,0,0,0,197900
8,46589,8,7,1994,0,2,1,1,0,365,80,0,0,0,0,402000
6,13560,6,3,1968,0,1,1,1,0,48,0,0,0,0,0,110000
1,10012,4,5,1972,0,4,1,2,0,20,0,0,0,0,0,137500
10,20896,8,5,2005,0,4,1,2,0,139,55,0,0,0,0,423000
3,11194,8,5,2000,0,4,1,2,0,195,0,0,0,0,0,230500
9,18450,6,5,1965,0,5,1,1,64,0,180,0,0,0,1000,129000
6,8125,6,5,1994,0,3,1,1,0,182,0,0,0,0,0,193500
7,14175,5,6,1956,0,1,1,2,0,0,84,0,0,0,0,168000
5,11600,4,5,1922,1,4,1,1,0,216,80,0,0,0,0,137500
11,8633,6,5,2005,0,4,1,2,0,34,0,0,0,0,0,173500
4,6629,6,6,1925,0,2,1,2,0,0,117,0,0,0,0,103600
7,11250,6,6,1977,0,2,1,2,0,132,0,0,0,0,0,165000
8,14442,6,7,1957,0,3,1,1,0,0,0,0,0,0,0,257500
8,9200,6,6,1965,0,1,1,2,40,0,0,0,0,0,0,140000
5,2289,6,6,1978,0,3,2,0,42,0,204,0,0,0,0,148500
9,9600,4,2,1900,0,3,1,1,0,60,122,0,0,0,0,87000
5,9022,5,8,1924,0,3,1,2,64,0,0,0,64,0,0,109500
12,11844,8,5,2008,0,3,1,2,168,0,0,0,0,0,0,372500
7,9945,5,5,1961,0,3,1,1,204,0,0,0,0,0,600,128500
5,8012,6,5,1980,0,3,1,2,311,0,0,0,0,0,0,143000
3,4500,5,5,1932,0,3,1,1,0,90,0,0,0,0,0,159434
3,2887,6,5,1996,0,2,1,2,178,0,0,0,0,0,0,173000
1,11248,9,5,2002,0,3,1,2,0,0,190,0,0,0,0,285000
5,16770,7,5,1998,0,3,1,1,168,0,0,0,0,0,0,221000
6,5062,7,5,1984,0,1,1,2,102,89,231,0,0,0,0,207500
12,10207,7,6,2007,0,3,1,2,50,84,0,0,0,0,0,227875
6,5105,7,5,2004,1,2,1,3,0,0,0,0,0,0,0,148800
6,8089,8,6,2007,0,3,1,3,143,0,0,0,0,0,0,392000
4,7577,6,5,2005,0,3,1,2,140,0,0,0,0,0,0,194700
1,4426,6,5,2004,0,2,1,1,135,0,0,0,0,0,0,141000
1,21535,10,6,1994,0,2,1,0,0,39,0,0,0,0,0,755000
7,26178,7,5,1989,0,3,1,1,158,0,0,0,576,0,0,335000
4,5400,5,6,1921,0,2,1,0,0,0,0,0,0,0,0,108480
11,6120,5,6,1936,1,3,1,1,0,236,0,0,0,0,0,141500
6,13811,6,6,1987,1,4,1,2,48,32,0,0,216,0,0,176000
4,6000,5,7,1921,1,3,1,2,424,40,0,0,0,0,0,89000
12,6420,5,7,1952,1,4,1,2,168,98,0,0,0,0,0,123500
2,8450,5,8,1965,1,3,1,2,100,33,0,0,0,0,0,138500
3,4282,7,5,2004,1,3,1,2,100,24,0,0,0,0,0,196000
5,14331,8,5,2002,0,3,1,3,168,30,0,0,0,0,0,312500
6,9600,7,5,1969,0,3,1,3,0,0,70,0,255,0,0,140000
12,12438,8,5,2006,1,3,1,3,216,36,0,0,0,0,0,361919
2,7630,5,9,1900,0,3,1,3,168,42,0,0,0,0,0,140000
3,8400,7,5,2004,0,2,1,2,339,0,0,0,0,0,0,213000
8,5600,4,5,1930,0,3,1,2,168,0,0,0,0,0,0,55000
5,115149,7,5,1971,0,3,1,2,208,110,0,0,0,0,0,302000
7,6240,8,5,2006,1,3,1,2,0,96,0,0,0,0,0,254000
6,9018,7,5,2007,1,3,1,2,0,70,0,0,0,0,0,179540
5,7162,5,7,1966,1,3,1,2,192,36,0,0,0,0,4500,109900
5,4130,3,6,1935,0,3,1,2,211,0,280,0,0,0,0,52000
9,8712,4,7,1900,1,3,1,2,0,0,0,0,0,0,0,102776
8,4671,8,5,1988,0,2,1,2,140,0,239,0,227,0,0,189000
6,9873,4,5,1970,1,3,1,2,0,84,0,0,0,0,0,129000
1,13517,6,8,1976,1,3,1,3,168,116,0,0,0,0,0,130500
6,10140,6,5,1974,0,3,1,3,182,35,0,0,0,0,0,165000
8,10800,7,8,1890,1,4,1,2,0,57,0,0,0,0,0,159500
6,10000,5,6,1973,1,3,1,2,120,29,0,0,0,0,0,157000
2,10542,7,5,1993,0,1,1,2,140,0,0,0,0,0,0,341000
7,9920,5,6,1969,0,2,2,3,160,67,0,0,0,0,0,128500
6,6563,8,5,1985,0,3,1,2,0,35,0,0,0,0,0,275000
2,4426,6,5,2004,0,3,1,3,0,24,0,0,0,0,0,143000
6,8120,4,7,1970,0,3,1,2,0,50,0,0,0,0,0,124500
4,8172,4,6,1954,0,3,1,1,259,0,0,0,161,0,0,135000
4,13286,9,5,2007,0,3,1,2,224,0,0,0,0,0,0,320000
5,6960,4,6,1970,1,3,1,2,0,0,138,0,0,0,0,120500
11,21695,6,9,1988,0,3,1,2,292,0,0,0,0,0,0,222000
2,7314,7,5,2007,1,3,1,2,0,0,0,0,0,0,0,194500
7,11475,5,5,1958,1,5,1,2,0,372,0,0,0,0,0,110000
6,6240,4,5,1925,0,2,2,0,0,0,0,0,0,0,0,103000
7,5389,8,5,1995,0,2,2,0,0,0,0,0,0,0,0,236500
5,9590,7,5,2003,0,2,1,0,112,0,0,0,0,0,0,187500
1,11404,7,5,1998,1,2,1,0,42,0,0,0,0,0,0,222500
4,10000,5,6,1961,1,4,1,0,0,0,0,0,0,0,0,131400
5,8978,5,5,1968,0,2,1,1,134,0,0,0,0,0,3000,108000
11,10800,7,7,1914,0,3,1,1,0,0,0,0,0,0,0,163000
6,8544,3,4,1950,1,3,1,1,0,0,183,0,0,0,0,93500
4,10463,8,5,2005,0,2,1,1,0,0,90,0,0,0,0,239900
7,10800,5,5,1987,2,4,2,2,248,0,121,0,0,0,0,179000
7,9313,7,5,2004,0,2,1,1,0,0,0,0,192,0,0,190000
1,9600,5,7,1910,0,3,1,2,424,0,0,0,0,0,400,132000
6,6768,6,8,1961,0,3,1,1,85,16,41,0,0,0,0,142000
6,8450,7,5,2000,0,4,1,2,0,217,0,0,0,0,0,179000
7,12886,5,6,1963,0,4,1,1,0,40,0,0,0,0,0,175000
3,5395,8,5,1993,0,3,1,1,64,0,0,0,100,0,0,180000
5,8963,8,9,1976,0,2,1,1,66,105,0,0,221,0,0,299800
6,8795,7,5,2000,1,4,1,2,0,0,207,0,0,0,0,236000
4,11700,7,7,1880,1,3,1,2,0,96,0,0,0,0,0,265979
4,10593,7,5,1996,1,3,1,2,0,51,224,0,0,0,0,260400
12,8405,4,3,1945,0,2,1,2,213,0,0,0,0,0,0,98000
7,8800,4,7,1910,0,2,1,1,0,0,116,0,0,0,0,96500
7,7750,7,5,2003,0,3,1,1,0,0,0,0,0,0,0,162000
7,9236,6,5,1997,0,4,1,0,0,0,96,0,0,0,0,217000
7,10240,8,5,2005,1,3,1,1,0,180,0,0,100,0,0,275500
5,7930,6,8,1969,0,2,1,1,0,90,0,0,0,0,0,156000
1,3230,6,5,1999,0,4,1,1,0,0,0,0,0,0,0,172500
2,10769,8,5,2007,0,2,1,2,0,0,0,0,0,0,0,212000
7,11616,6,5,1978,0,2,1,1,0,123,0,0,0,0,0,158900
5,2280,7,5,1999,0,2,1,1,0,0,0,0,0,0,0,179400
6,12257,8,5,1995,1,3,1,1,0,30,160,0,0,0,0,290000
8,9100,6,6,1959,0,2,1,2,162,53,0,153,0,0,0,127500
7,6911,5,5,1924,0,2,1,2,128,53,0,0,155,0,0,100000
9,8640,7,5,2009,0,3,1,3,0,46,192,0,0,0,0,215200
9,9430,8,5,1999,1,3,1,3,318,32,0,0,0,0,0,337000
11,9549,8,5,1995,2,4,2,2,0,0,0,0,0,0,0,270000
7,14587,9,5,2008,0,3,1,2,428,120,0,0,0,0,0,264132
7,10421,7,5,1988,0,2,1,2,240,0,0,0,0,0,0,196500
4,12508,6,7,1940,0,3,1,3,0,26,0,0,0,0,0,160000
1,9100,7,5,2004,1,3,1,2,0,192,0,0,0,0,0,216837
4,53504,8,5,2003,1,3,1,2,100,0,0,0,0,0,0,538000
10,7252,5,5,1982,1,3,1,3,0,64,0,0,0,0,0,134900
7,8877,4,5,1951,0,3,1,2,252,0,192,0,0,0,0,102000
3,7819,6,5,1976,0,3,1,2,282,0,0,0,0,0,0,107000
6,10150,5,5,1958,0,3,1,2,185,95,0,0,0,0,0,114500
12,14226,8,5,2006,0,3,1,2,165,52,0,0,0,0,0,395000
1,4500,6,5,1998,0,3,1,2,0,276,0,0,0,0,0,162000
6,11210,7,5,2005,1,3,1,3,0,265,0,0,0,0,0,221500
11,13350,5,5,1974,0,2,2,4,0,0,0,0,0,0,0,142500
2,8400,5,5,1977,0,2,1,0,0,52,0,0,0,0,0,144000
4,10530,6,5,1977,0,2,1,2,0,122,0,0,0,0,0,135000
11,7875,7,5,1995,0,3,1,3,0,119,0,0,171,0,0,176000
6,7153,6,5,1992,0,3,1,2,0,100,0,0,0,0,0,175900
5,16285,7,5,2001,0,4,1,1,92,26,0,0,0,0,0,187100
6,9101,5,6,1978,0,2,1,1,120,101,0,0,0,0,0,165500
7,6300,6,6,1914,0,1,1,1,0,101,0,120,0,0,0,128000
2,9790,6,5,1967,0,3,1,1,81,0,0,0,0,0,500,161500
3,10800,5,6,1915,1,3,1,0,187,0,0,0,0,0,0,139000
4,10142,7,5,2004,0,2,1,1,315,0,0,0,0,0,0,233000
7,6000,4,7,1954,0,3,1,1,0,0,0,0,0,0,0,107900
4,12205,6,8,1966,0,3,1,2,0,0,0,0,0,0,0,187500
1,3182,7,5,2005,0,4,1,1,0,0,0,0,0,0,0,160200
3,11333,6,5,1976,0,3,1,2,0,44,0,0,0,0,0,146800
3,9920,7,5,1996,1,3,1,2,0,0,0,0,0,0,0,269790
3,9158,8,5,2007,1,3,1,2,256,64,0,0,0,0,0,225000
4,10832,7,5,1994,1,3,1,2,256,48,0,0,0,0,0,194500
8,8400,6,6,1980,1,3,1,2,0,44,0,0,0,0,0,171000
8,8197,6,5,1977,1,5,1,2,188,30,0,0,0,0,0,143500
8,7677,5,5,1953,0,3,1,2,0,21,0,0,0,0,0,110000
7,13518,9,5,2008,1,3,1,2,290,84,0,0,0,0,0,485000
3,7200,5,7,1937,0,3,1,2,0,108,246,0,0,0,0,175000
10,12798,6,5,1997,0,2,1,2,0,108,0,0,135,0,0,200000
8,4800,4,7,1916,0,1,1,2,0,64,140,0,0,0,0,109900
7,8199,7,5,2005,1,4,1,3,120,32,0,0,0,0,0,189000
6,13891,9,5,2008,1,4,1,3,0,135,0,0,322,0,0,582933
11,9000,5,5,1954,1,3,1,3,144,0,0,0,0,0,0,118000
3,12274,7,5,2008,0,2,1,2,0,164,0,0,0,0,0,227680
1,9750,5,5,1967,1,1,1,2,390,80,0,0,0,0,0,135500
10,21384,5,6,1923,0,3,1,3,240,52,0,0,174,0,0,223500
4,13400,5,5,1966,0,3,1,2,0,0,192,0,0,0,0,159950
3,8100,5,5,1898,1,3,1,2,167,72,0,0,0,0,0,106000
9,10140,6,6,1974,0,3,1,2,0,0,0,0,0,0,0,181000
3,4438,6,5,2004,1,4,1,2,192,72,0,0,0,0,0,144500
8,8712,5,5,1952,0,3,1,2,204,103,0,0,0,0,0,55993
8,9750,6,6,1958,0,2,1,2,240,141,0,0,0,0,0,157900
9,8248,5,7,1918,0,2,1,2,0,0,249,0,0,0,0,116000
2,12137,7,5,1998,0,3,1,2,407,36,0,0,0,0,0,224900
11,11425,5,6,1954,1,4,1,2,0,96,0,0,0,0,0,137000
9,13265,8,5,2002,0,3,1,2,252,0,0,0,0,0,0,271000
10,8816,6,7,1971,0,3,1,1,120,0,0,0,0,0,0,155000
7,6371,7,5,2009,0,2,1,1,140,0,0,0,0,0,0,224000
7,7226,7,5,2003,0,2,1,2,136,68,0,0,0,0,0,183000
10,6000,4,4,1953,0,2,1,2,0,68,0,0,0,0,0,93000
2,12394,7,5,2003,1,3,1,1,144,0,0,0,0,0,0,225000
12,9900,6,7,1940,1,4,1,1,0,28,0,0,0,0,0,139500
4,11216,8,5,2006,0,2,1,1,108,32,0,0,0,0,0,232600
11,14803,10,5,2007,0,3,1,1,0,0,0,0,0,0,0,385000
8,6130,5,6,1924,0,3,1,3,186,36,0,0,0,0,0,109500
6,8529,7,5,2001,0,3,1,3,0,112,0,0,0,0,0,189000
11,28698,5,5,1967,1,2,1,3,130,142,0,0,0,0,0,185000
12,2544,7,5,2005,1,3,1,3,268,58,0,0,0,0,0,147400
3,11900,6,5,1957,1,4,1,3,120,39,0,0,0,0,0,166000
8,3180,7,5,2005,1,2,1,3,188,65,0,0,175,0,0,151000
10,9548,7,6,2003,0,3,1,3,130,28,0,0,0,0,0,237000
5,10004,6,6,1964,1,4,1,3,282,55,0,0,0,0,0,167000
8,7875,5,6,1961,1,2,1,3,192,30,0,0,0,0,0,139950
6,9600,4,7,1950,1,3,1,2,0,368,0,0,0,0,0,128000
9,8100,5,6,1948,1,3,1,3,172,104,0,0,0,0,0,153500
6,1680,6,5,1973,1,3,1,3,158,105,0,0,0,0,0,100000
8,9525,5,6,1995,1,5,1,3,194,50,0,0,0,0,0,144000
1,11767,5,6,1946,1,3,1,3,192,228,0,0,0,0,0,130500
8,12155,6,8,1925,1,3,1,3,196,104,0,0,0,0,0,140000
5,10440,5,8,1904,0,3,1,3,100,38,0,0,0,0,0,157500
1,9020,6,7,1966,0,3,1,2,168,27,0,0,0,0,0,174900
2,8000,5,4,1961,1,3,1,3,0,40,0,0,0,0,0,141000
8,12665,5,8,1915,1,1,1,2,110,50,0,0,0,0,0,153900
5,16647,5,5,1975,1,1,1,2,110,50,0,0,0,0,0,171000
6,9317,7,5,1993,0,2,1,2,192,28,0,0,0,0,0,213000
5,15523,5,6,1972,0,2,1,2,156,73,0,0,0,0,0,133500
5,45600,6,8,1908,0,2,1,2,203,39,0,0,0,0,0,240000
9,9600,6,7,1976,0,2,1,2,0,38,0,0,0,0,0,187000
3,4435,6,5,2003,0,2,1,2,136,36,0,0,0,0,0,131500
5,3196,8,5,2003,0,3,1,2,100,0,0,0,0,0,0,215000
6,7128,7,5,1941,1,3,1,2,100,38,0,0,0,0,0,164000
5,12095,6,6,1964,0,3,1,2,100,33,0,0,0,0,0,158000
3,17920,5,4,1955,1,3,1,2,100,30,0,0,0,0,0,170000
6,6897,5,8,1962,1,3,1,3,0,34,0,0,0,0,0,127000
6,10970,6,6,1978,0,3,1,2,120,23,0,0,0,0,2000,147000
12,8125,6,5,1994,1,3,1,2,100,32,0,0,0,0,0,174000
7,10400,7,5,1976,1,3,1,2,100,24,0,0,0,0,0,152000
8,11029,6,7,1968,0,3,1,2,0,0,0,0,0,0,0,250000
11,7642,7,8,1918,0,2,1,3,143,20,0,0,0,0,0,189950
8,11625,5,4,1965,0,2,1,2,100,16,0,0,0,0,0,131500
4,9672,6,5,1984,0,2,1,2,100,24,0,0,0,0,0,152000
6,7931,5,5,1959,1,3,1,2,100,0,0,0,0,0,0,132500
4,8640,7,5,2007,1,3,1,2,100,18,0,0,0,0,0,250580
10,8750,5,6,1970,1,3,1,2,100,0,0,0,0,0,0,148500
7,10656,8,5,2006,1,4,1,2,0,48,0,0,0,0,0,248900
7,6970,4,5,1961,1,4,1,2,264,48,0,0,0,0,0,129000
6,14762,5,6,1948,1,3,1,2,0,50,0,0,0,0,0,169000
5,9938,7,5,1993,1,3,1,2,460,42,0,0,0,0,0,236000
6,6600,5,5,1962,1,4,1,3,76,61,0,0,0,0,0,109500
7,8750,6,5,1998,1,4,1,3,108,87,0,0,0,0,0,200500
1,8892,5,7,1953,1,4,1,3,286,60,0,0,0,0,0,116000
5,12144,5,7,1949,1,4,1,3,120,38,0,0,0,0,0,133000
9,5720,5,6,1941,1,4,1,2,0,65,0,0,144,0,0,66500
5,9000,8,5,2007,1,4,1,3,198,92,0,0,0,0,0,303477
9,25286,4,5,1963,0,3,1,2,0,203,0,0,0,0,0,132250
7,8834,9,5,2004,0,3,1,3,168,110,0,0,0,0,0,350000
1,11782,5,7,1961,0,3,1,2,168,46,0,0,0,0,0,148000
10,7000,5,8,1978,0,1,1,3,76,52,0,0,0,0,0,136500
9,7024,5,5,2005,2,3,1,2,0,228,0,0,0,0,0,157000
12,13758,7,5,1990,0,3,1,2,146,40,0,0,0,0,0,187500
4,9636,6,5,1992,0,3,1,2,192,35,0,0,0,0,0,178000
7,6204,4,5,1912,1,3,1,3,240,53,0,0,0,0,0,118500
3,7150,5,5,1967,1,3,1,3,0,40,0,0,0,0,0,100000
11,5119,9,5,1999,0,3,1,2,0,141,0,0,0,0,0,328900
6,8393,5,5,1959,0,3,1,2,0,210,0,0,0,0,0,145000
11,16466,5,7,1955,1,3,1,2,184,96,0,0,0,0,0,135500
7,15865,8,6,1970,0,3,1,2,0,0,0,0,0,0,0,268000
12,12160,6,4,1953,1,3,1,3,168,127,0,0,0,0,0,149500
5,8064,5,7,1949,0,2,1,2,0,256,0,0,0,0,0,122900
4,11184,6,5,1978,0,2,1,3,112,63,0,0,0,0,0,172500
6,8414,6,8,1963,1,4,1,3,193,127,0,0,0,0,0,154500
6,13284,5,5,1954,1,3,1,0,0,136,0,0,0,0,0,165000
10,7018,5,5,1979,1,3,1,0,0,55,0,0,0,0,0,118858
5,7056,6,5,1963,0,3,1,2,0,0,0,0,0,0,0,140000
6,8765,4,6,1936,0,3,1,2,0,32,0,0,0,0,0,106500
5,7018,5,5,1979,1,3,1,2,144,85,0,0,0,0,0,142953
7,12919,9,5,2009,1,2,1,1,340,0,0,0,0,0,0,611657
3,6993,5,7,1961,0,2,1,1,192,0,0,0,0,0,0,135000
6,7340,4,6,1971,1,3,1,2,188,0,0,0,0,0,0,110000
2,8712,5,7,1957,1,3,1,2,0,99,0,0,182,0,0,153000
8,7875,7,5,2003,0,2,1,2,136,47,0,0,0,0,0,180000
1,14859,7,5,2006,0,2,1,2,455,0,0,0,0,0,0,240000
7,6173,5,6,1967,0,2,1,2,160,56,0,0,0,0,0,125500
2,9920,5,5,1954,0,2,1,2,0,60,0,0,0,0,0,128000
2,13501,8,5,2006,0,2,1,2,0,120,0,0,0,0,0,255000
8,11500,7,7,1936,0,2,1,2,0,241,0,0,0,0,0,250000
7,8885,5,5,1983,1,2,1,2,0,102,0,0,0,0,0,131000
9,12589,6,5,2005,1,3,1,2,0,0,0,0,0,0,0,174000
9,11600,5,5,1960,1,3,1,2,0,32,0,0,0,0,0,154300
12,9286,5,7,1977,0,3,1,2,176,174,0,0,0,0,0,143500
8,6120,5,7,1925,1,3,1,2,0,48,0,0,180,0,0,88000
6,6270,5,6,1949,1,3,1,2,147,0,36,0,144,0,0,145000
5,3000,6,5,2009,1,1,1,2,0,30,0,0,217,0,0,173733
3,2001,4,5,1970,1,3,1,2,180,16,0,0,0,0,0,75000
3,9000,2,3,1949,0,2,1,2,266,0,0,0,0,0,0,35311
9,17140,4,6,1956,1,3,1,2,0,126,0,0,0,0,0,135000
6,13125,7,5,1991,1,4,1,2,0,192,0,0,0,0,0,238000
1,11029,6,8,1958,0,3,1,2,160,0,0,0,0,0,0,176500
4,8462,6,5,1994,1,3,1,2,0,194,0,0,200,0,0,201000
5,8777,5,7,1900,0,3,1,2,202,0,0,0,256,0,0,145900
7,10237,6,5,2005,0,2,1,2,190,80,0,0,0,0,0,169990
8,8012,6,5,1993,1,3,1,2,235,86,0,0,0,0,0,193000
11,10240,6,6,1980,0,3,1,2,224,0,0,0,0,0,400,207500
2,15611,5,6,1977,0,3,1,1,0,133,0,0,0,0,0,175000
3,11999,8,5,2003,0,3,1,1,88,64,0,0,0,0,0,285000
4,9900,7,5,1968,0,2,2,3,0,0,0,0,0,0,0,176000
1,11838,8,5,2001,0,2,1,2,0,72,0,0,0,0,0,236500
8,13006,7,5,1997,0,2,1,2,128,0,0,0,0,0,0,222000
2,8925,8,5,2007,0,3,1,2,170,0,0,0,0,0,0,201000
1,9100,5,6,1965,0,3,1,1,0,0,0,0,0,0,0,117500
10,11670,9,5,2006,0,3,1,2,0,0,0,0,0,0,0,320000
5,8487,7,5,2004,0,3,1,2,192,0,0,0,0,0,0,190000
7,27650,7,7,1960,1,5,1,2,0,0,0,0,161,0,0,242000
8,5825,4,5,1926,0,3,1,1,0,28,84,0,0,0,0,79900
7,10083,7,5,2003,1,3,1,2,0,0,0,0,201,0,0,184900
10,9675,7,5,2005,0,2,1,2,284,24,0,0,192,0,0,253000
4,8760,7,5,2006,0,2,1,0,0,52,0,0,0,0,0,239799
7,24090,7,7,1940,0,2,1,0,0,21,0,0,0,0,2000,244400
7,12640,6,5,1976,0,2,1,1,143,0,0,0,0,0,0,150900
10,8755,7,5,1999,0,2,1,1,0,0,0,0,175,0,0,214000
5,7711,4,3,1977,0,4,2,3,0,0,0,0,0,0,0,150000
6,25000,5,4,1967,0,3,1,2,140,40,0,0,0,0,0,143000
5,14375,6,6,1958,0,3,1,2,0,0,0,0,168,0,0,137500
9,8820,5,6,1890,0,2,1,1,0,0,0,219,0,0,0,124900
12,8163,5,6,1959,0,3,1,1,0,0,0,0,0,0,0,143000
7,14536,8,5,2002,0,3,1,2,240,0,0,0,109,0,0,270000
6,14006,7,5,2002,0,3,1,1,0,0,0,0,0,0,0,192500
4,9360,6,7,1972,0,4,1,2,0,0,0,0,0,0,0,197500
4,7200,5,8,1950,0,2,1,1,0,34,0,0,0,0,0,129000
6,7800,5,5,1965,0,3,1,1,278,82,0,0,0,0,0,119900
8,7200,5,8,1972,0,3,1,1,0,0,0,0,0,0,0,133900
7,11075,5,4,1969,1,3,1,1,63,0,0,0,0,0,0,172000
12,9400,6,5,1975,0,4,2,2,0,0,0,0,0,0,0,127500
4,7136,6,6,1946,0,2,1,2,0,48,0,0,0,0,0,145000
6,1300,6,6,1980,0,3,1,1,0,0,0,0,0,0,0,124000
6,7420,5,5,1962,0,3,1,1,152,0,0,0,0,0,0,132000
8,8450,7,5,2003,0,4,1,1,0,0,0,0,0,0,0,185000
3,2572,7,5,1999,0,3,1,1,81,0,0,0,0,0,0,155000
2,7207,5,7,1958,0,3,1,1,225,0,0,0,0,368,0,116500
6,12227,6,7,1977,0,2,1,1,0,324,0,0,0,0,400,272000
4,2308,6,6,1976,0,3,1,0,231,0,0,0,0,0,0,155000
6,11923,9,5,2007,0,3,1,1,200,0,0,0,0,0,0,239000
11,11316,7,5,2002,1,4,1,3,0,208,290,0,156,0,0,214900
8,10237,6,5,2005,0,1,1,2,0,0,0,0,0,0,0,178900
7,9600,5,7,1940,1,3,1,0,0,112,0,0,0,0,0,160000
10,7390,5,7,1955,0,4,1,1,460,46,0,0,165,0,0,135000
2,5925,3,6,1910,0,3,1,1,0,0,0,0,0,0,0,37900
8,10382,6,5,1958,0,3,1,1,0,0,0,0,0,0,0,140000
11,10800,4,4,1949,1,3,1,1,0,171,0,0,0,0,0,135000
7,2268,7,5,2003,0,3,1,1,0,0,0,0,0,0,0,173000
3,7892,6,5,1979,0,3,1,1,0,0,0,0,225,0,0,99500
5,11639,7,5,2007,1,3,1,1,0,0,0,0,0,0,0,182000
11,11414,7,8,1910,0,3,1,1,0,0,0,0,0,0,0,167500
7,2651,7,5,2000,0,3,1,1,0,0,0,0,0,0,0,165000
12,5900,4,7,1923,0,2,1,1,58,0,0,0,0,0,0,85500
10,4274,7,5,2006,0,3,1,1,24,90,160,0,0,0,0,199900
4,9450,4,5,1954,0,2,1,2,0,0,116,0,0,0,0,110000
7,8816,5,6,1963,0,3,1,2,0,0,175,0,0,0,0,139000
2,12122,7,9,1961,0,2,1,1,0,122,20,0,0,0,0,178400
7,12203,8,5,1998,0,2,1,1,0,0,26,0,0,0,0,336000
5,3182,7,5,2007,0,2,1,2,0,0,0,0,0,0,0,159895
6,11250,8,5,2002,0,2,1,2,116,26,40,0,0,0,0,255900
5,10125,5,5,1977,0,3,1,1,0,0,96,0,0,0,0,126000
5,10880,5,5,1950,1,4,1,2,0,0,160,0,0,0,0,125000
5,5310,6,8,1910,1,3,1,2,0,0,0,0,0,0,0,117000
3,10159,9,5,2009,1,4,1,1,0,0,0,0,0,0,0,395192
6,12046,6,6,1976,0,3,1,2,280,0,143,0,0,0,0,195000
11,8125,7,5,2006,0,3,1,2,128,103,0,0,0,0,0,197000
7,9452,8,5,1997,1,3,1,1,0,32,0,0,0,0,0,348000
2,17671,8,9,1882,0,3,1,2,0,148,150,0,0,0,0,168000
5,9760,6,8,1964,0,2,1,1,0,0,0,0,0,0,0,187000
5,8846,6,5,2005,0,1,1,1,0,40,0,0,0,0,0,173900
8,12456,10,5,2006,0,1,1,1,0,65,0,0,150,0,0,337500
3,4712,4,7,1946,0,3,1,1,0,33,0,0,0,0,0,121600
3,10659,5,6,1961,0,3,1,1,0,0,192,0,0,0,0,136500
2,11717,6,6,1970,1,3,1,1,0,0,0,0,0,0,0,185000
7,9786,3,4,1922,0,2,1,1,0,0,136,0,0,0,0,91000
3,6762,7,5,2006,1,3,1,2,225,0,84,0,0,0,0,206000
7,10206,3,3,1952,0,4,1,1,0,0,0,0,0,0,0,82000
7,5400,5,6,1920,0,3,1,1,174,0,96,0,0,0,0,86000
8,11957,8,5,2006,0,2,1,2,25,0,0,0,0,0,0,232000
5,11500,5,6,1976,1,4,1,1,0,152,0,0,0,0,0,136905
2,3182,7,5,2005,0,3,1,2,0,54,144,0,0,0,0,181000
10,8385,5,8,1977,0,4,1,2,0,0,0,0,0,0,0,149900
9,12155,6,3,1970,1,3,1,2,0,0,70,0,0,0,0,163500
9,2217,4,4,1970,0,3,1,1,0,25,77,0,0,0,0,88000
9,12118,7,5,2004,0,2,1,1,0,0,77,0,0,0,0,240000
4,6000,5,5,1926,0,5,1,2,0,110,0,0,0,0,0,102000
4,21286,5,5,1948,1,4,1,1,285,0,0,0,216,0,0,135000
5,9825,5,5,1965,1,3,1,2,0,0,170,0,0,0,0,100000
2,10592,6,7,1923,0,3,1,2,0,0,0,0,0,0,0,165000
9,7200,5,4,1910,0,3,1,1,14,211,0,0,84,0,0,85000
4,11664,6,5,1948,1,3,1,2,521,0,0,0,0,0,0,119200
7,8400,8,6,2001,0,2,1,1,0,88,0,0,0,0,0,227000
3,11883,7,5,1996,0,3,1,1,40,176,0,0,0,0,0,203000
11,5814,8,5,1984,0,2,1,2,92,0,88,0,0,0,0,187500
7,10784,7,5,1991,0,3,1,2,0,0,0,0,0,0,0,160000
5,3013,7,5,2005,0,3,1,2,0,0,0,0,0,0,0,213490
2,7024,4,5,2005,0,3,1,1,0,90,0,0,0,0,0,176000
5,7406,7,5,2006,0,2,1,2,138,0,0,0,0,0,0,194000
1,9439,5,5,1930,0,3,1,1,0,0,0,0,0,0,0,87000
6,3182,7,5,2005,0,2,1,2,132,0,0,0,0,0,0,191000
7,15498,8,6,1976,0,3,1,1,204,0,0,0,0,0,0,287000
12,7700,5,5,1972,0,3,1,1,0,0,0,0,0,0,0,112500
5,9300,5,5,1960,0,4,1,2,128,570,0,0,0,0,500,167500
7,9520,8,5,2007,1,2,1,1,0,0,0,0,126,0,0,293077
10,9492,5,5,1941,0,3,1,2,81,0,280,0,0,0,0,105000
10,1680,6,7,1972,0,3,1,1,0,0,0,0,0,0,0,118000
5,7082,5,8,1916,0,3,1,2,0,0,140,0,0,0,0,160000
2,15863,7,3,1920,0,3,1,2,0,77,0,0,168,0,0,197000
7,14541,8,7,1993,0,3,1,2,0,42,0,0,0,0,0,310000
3,8125,7,5,2002,0,3,1,2,0,64,0,0,0,0,0,230000
7,6305,5,7,1938,0,2,1,1,0,0,0,0,0,0,0,119750
7,11500,4,3,1957,0,4,1,2,0,63,0,0,144,0,0,84000
5,12898,9,5,2007,1,3,1,1,366,0,0,0,0,0,0,315500
5,9240,8,5,2001,0,3,1,1,0,0,0,0,0,0,0,287000
8,1533,4,6,1970,0,3,1,1,0,0,60,0,0,0,0,97000
7,1477,4,4,1970,0,2,1,1,0,105,0,0,0,0,0,80000
4,13125,5,4,1957,0,4,1,1,0,0,0,0,0,0,0,155000
7,9130,6,8,1966,0,4,1,1,0,0,68,0,0,0,0,173000
3,5381,6,5,2005,0,4,1,1,0,0,0,0,0,0,0,196000
4,11839,7,5,1990,0,4,1,2,0,195,1012,0,0,444,0,262280
7,9600,8,5,1981,1,3,1,2,202,93,0,0,0,0,0,278000
9,13680,3,5,1955,0,3,1,3,204,64,0,0,0,0,0,139600
6,16056,9,5,2005,1,3,1,3,136,32,0,0,0,0,0,556581
9,9245,5,5,1994,0,3,1,3,192,64,0,0,0,0,0,145000
6,21750,5,4,1960,0,3,1,3,144,42,0,0,0,0,0,115000
6,11100,4,7,1946,0,3,1,2,144,38,0,0,0,0,0,84900
7,8993,7,5,2007,0,2,1,2,0,96,0,0,0,0,0,176485
10,11175,7,5,2007,1,3,1,2,164,111,0,0,0,0,0,200141
5,9500,6,6,1964,1,3,1,2,108,48,0,0,144,0,0,165000
5,8562,5,6,1957,1,0,1,2,646,0,0,0,0,0,0,144500
8,11367,8,5,2002,0,3,1,2,0,0,0,0,0,0,0,255000
5,11361,6,5,1976,1,3,1,2,142,54,0,0,0,0,0,180000
7,7052,7,5,2005,0,3,1,1,256,0,0,0,0,0,0,185850
7,29959,7,6,1994,1,3,1,1,306,0,0,0,0,0,0,248000
3,11308,9,5,2008,1,3,1,2,202,123,0,0,0,0,0,335000
3,11275,6,7,1932,1,3,1,2,0,74,0,0,0,0,0,220000
2,4920,8,5,2001,1,3,1,2,0,103,0,0,0,0,0,213500
7,18000,3,4,1935,1,3,1,2,193,96,0,0,0,0,0,81000
8,13600,5,5,1900,0,3,1,2,0,0,0,0,0,0,0,90000
7,6000,6,6,1925,0,3,1,2,127,0,0,0,0,0,0,110500
6,11000,5,6,1966,0,3,1,2,0,0,0,0,0,0,0,154000
1,14000,7,5,1996,1,3,1,2,0,0,0,0,0,0,0,328000
1,7837,6,7,1993,0,3,1,1,0,0,0,0,0,0,0,178000
9,9760,6,6,1964,0,3,1,2,0,80,0,0,0,0,0,167900
9,3964,6,4,1973,0,3,1,2,155,0,0,0,0,0,0,151400
10,9600,5,7,1949,0,3,1,2,352,0,0,0,0,0,0,135000
1,10152,5,5,1956,0,3,1,2,306,113,0,0,116,0,0,135000
6,11700,6,6,1968,1,3,1,2,0,120,0,0,0,0,0,154000
8,7585,5,3,1948,1,3,1,2,386,63,0,0,0,0,0,91500
6,7950,6,6,1977,0,3,1,2,120,35,0,0,0,0,0,159500
1,8556,7,5,2006,1,4,1,2,184,121,0,0,0,0,0,194000
6,13125,7,6,1940,1,3,1,2,225,32,0,0,0,0,0,219500
1,10800,5,8,1936,1,1,1,2,240,84,0,0,0,0,0,170000
6,15870,5,5,1969,1,3,1,2,0,35,0,0,0,0,0,138800
10,4435,6,5,2004,0,2,1,2,100,41,0,0,0,0,0,155900
7,8775,5,5,1994,0,3,1,2,0,23,0,0,0,0,0,126000
5,11040,6,7,1971,1,3,1,2,100,30,0,0,0,0,0,145000
6,7500,5,5,1963,1,3,1,2,0,40,0,0,0,0,0,133000
8,8749,7,5,2002,0,2,1,1,405,0,0,0,0,0,450,192000
6,8800,6,6,1964,0,2,1,2,0,0,0,0,0,0,0,160000
7,13031,6,5,1995,0,3,1,2,0,0,43,0,100,0,0,187500
6,9069,6,6,1992,0,2,1,2,0,0,0,0,0,0,0,147000
4,1974,4,5,1973,0,3,1,2,228,0,0,0,0,0,0,83500
2,10574,8,5,2005,1,5,2,2,0,0,0,0,0,0,0,252000
5,2522,7,5,2004,1,3,1,2,0,85,0,0,0,0,0,137500
10,3316,8,5,2005,1,2,1,3,546,484,0,0,0,0,17000,197000
5,8544,3,4,1950,0,2,1,2,0,44,0,0,0,0,0,92900
12,2160,7,5,1999,0,2,1,1,144,0,35,0,0,0,0,160000
9,8400,6,5,1925,0,2,2,0,0,0,0,0,0,0,0,136500
7,9230,5,8,1965,0,4,2,0,118,0,0,0,0,0,0,146000
8,5868,5,7,1956,0,2,1,1,0,0,84,0,0,0,0,129000
7,9317,6,5,2006,0,2,1,1,0,0,196,0,0,0,0,176432
10,6882,6,7,1914,0,3,1,2,196,0,0,0,0,0,0,127000
1,3696,8,5,1986,0,6,2,0,0,742,240,0,0,0,1512,170000
4,6000,4,6,1936,0,3,1,1,0,0,64,0,0,0,0,128000
8,11880,7,5,1978,0,2,1,1,216,0,168,0,0,0,0,157000
6,8400,2,5,1920,0,2,1,1,0,0,0,0,0,0,0,60000
4,9758,5,5,1971,0,3,1,1,184,0,0,0,0,0,0,119500
7,7000,5,7,1960,0,3,1,1,0,0,116,0,0,0,0,135000
10,8910,6,6,1959,1,4,1,2,291,0,60,0,153,0,0,159500
6,2016,5,5,1970,1,2,1,2,174,24,120,0,228,0,0,106000
11,12256,8,5,1994,0,4,1,1,0,40,0,0,0,0,0,325000
10,10357,7,5,1990,0,3,1,2,0,0,0,0,144,0,0,179900
5,23257,7,5,2006,1,3,1,2,0,75,584,0,0,0,0,274725
9,8063,6,5,2000,0,3,1,2,0,0,216,0,0,0,0,181000
12,11362,8,5,2004,0,2,1,2,180,0,0,0,0,0,0,280000
6,8000,6,5,1995,0,4,1,2,152,0,0,0,0,0,0,188000
3,10480,7,6,1976,0,1,1,2,135,0,0,0,0,0,0,205000
2,7100,5,7,1957,0,3,1,2,0,146,0,0,0,0,0,129900
8,8923,5,7,1953,1,2,1,2,216,64,169,0,0,228,0,134500
5,5400,5,7,1954,0,3,1,2,0,0,30,0,0,0,0,117000
9,12085,8,5,2007,0,3,1,0,0,0,0,176,0,0,0,318000
3,7750,8,5,2002,0,3,1,NA,174,0,212,0,0,0,0,184100
9,9764,5,7,1967,0,2,1,1,0,0,96,0,0,0,0,130000
3,13825,5,6,1958,0,1,1,1,48,0,0,0,0,0,0,140000
6,7560,5,5,1959,0,4,2,0,0,0,133,0,0,0,0,133700
8,8263,6,5,1920,0,3,1,2,0,444,0,0,0,0,0,118400
11,10084,7,5,2005,0,2,1,1,154,0,42,86,0,0,0,212900
10,8926,4,3,1956,0,2,1,2,123,0,0,0,153,0,0,112000
1,9405,5,9,1947,0,2,1,2,84,0,222,0,0,0,0,118000
12,9125,7,5,1992,0,3,1,3,168,49,0,0,0,0,0,163900
7,10434,4,5,1955,1,1,1,2,0,144,0,0,145,0,0,115000
5,3684,7,5,2007,0,3,1,2,114,22,0,0,0,0,0,174000
3,14572,7,5,2004,0,3,0,1,192,84,0,0,0,0,0,259000
4,11796,7,5,2004,0,2,1,2,193,0,0,0,0,0,0,215000
10,7200,5,5,1980,0,2,1,2,240,0,0,0,0,0,0,140000
7,7804,4,3,1928,1,4,1,2,274,0,0,0,138,0,0,135000
4,10712,5,5,1991,0,3,1,2,100,39,0,0,0,0,0,93500
9,9900,6,4,1880,0,2,1,2,132,0,0,0,0,0,0,117500
7,9828,8,5,1995,0,3,1,2,232,0,0,0,0,0,0,239500
1,8773,6,5,1997,0,2,1,2,256,28,0,0,0,0,0,169000
4,6180,6,5,1926,0,2,1,3,201,64,0,0,0,0,0,102000
11,9600,6,5,1950,0,3,1,2,0,35,0,0,0,0,0,119000
7,6342,5,8,1875,1,5,1,2,143,32,0,0,0,0,0,94000
9,9819,6,5,1977,0,3,1,3,160,36,0,0,108,0,0,196000
6,8731,5,5,1920,0,2,1,4,483,266,0,0,0,561,0,144000
6,7350,5,7,1951,1,0,1,2,0,40,0,0,0,0,0,139000
5,10304,5,7,1976,1,3,1,1,0,0,0,0,0,0,0,197500
7,9965,8,5,2006,0,2,1,1,112,97,0,0,0,0,0,424870
5,9000,5,3,1959,1,3,1,0,0,64,0,0,0,0,0,80000
4,12180,4,4,1941,1,3,1,1,0,0,0,0,0,0,0,80000
7,6240,5,6,1928,0,1,1,2,201,66,0,0,0,0,0,149000
9,11200,6,5,1985,0,3,1,2,1424,0,0,0,0,0,0,180000
5,12000,7,7,1941,1,3,1,2,690,90,0,0,0,0,0,174500
6,5700,7,7,1926,1,3,1,2,0,136,0,0,240,0,0,116900
9,9000,7,9,1920,0,2,1,0,129,0,0,0,0,0,0,143000
11,8280,6,5,1950,0,3,1,1,152,38,0,0,0,0,0,124000
6,17755,5,4,1959,1,3,1,2,0,44,0,0,88,0,0,149900
5,14115,6,7,1956,0,2,1,1,330,0,0,0,0,0,0,230000
12,5890,6,8,1930,0,3,1,1,140,0,0,0,0,0,0,120500
5,13700,7,6,1965,0,2,1,2,280,0,0,0,0,0,0,201800
8,10768,5,8,1976,0,2,1,1,0,0,0,0,280,0,0,218000
6,9350,5,8,1965,1,3,1,3,0,0,0,0,0,0,0,179900
10,5001,7,5,2007,1,1,1,2,0,189,0,0,0,0,0,230000
3,11932,8,5,2007,0,3,1,2,0,146,0,0,0,0,0,235128
5,9120,6,6,1974,1,3,1,2,421,72,0,0,0,0,0,185000
2,2280,6,5,1978,1,3,1,2,0,84,0,0,0,0,0,146000
5,14778,6,7,1954,1,3,1,2,286,116,0,0,0,0,0,224000
1,8724,5,5,1968,1,4,1,2,0,119,0,0,0,0,0,129000
5,12900,4,4,1969,1,3,1,3,237,38,0,0,115,0,0,108959
12,16157,5,7,1978,1,4,1,2,168,12,0,0,0,0,0,194000
7,9541,7,5,2009,0,3,1,2,0,26,0,0,144,0,0,233170
8,10475,8,5,2008,0,2,1,2,120,70,0,0,0,0,0,245350
3,10852,6,5,2000,1,3,1,3,182,37,0,0,0,0,0,173000
9,13728,6,7,1935,1,5,1,3,204,34,0,0,0,0,0,235000
7,35760,10,5,1995,1,4,1,3,246,39,0,0,0,0,0,625000
7,9880,6,6,1977,1,4,1,3,250,0,0,0,0,0,0,171000
1,9120,6,6,1958,1,4,1,3,272,102,0,0,0,0,0,163000
8,4017,7,5,2006,0,2,1,2,156,55,0,0,0,0,0,171900
9,18030,5,6,1946,1,3,1,3,351,102,0,0,123,0,0,200500
6,16560,6,8,1932,0,2,1,2,140,22,0,0,0,0,0,239000
7,10678,8,5,1992,1,4,1,2,400,105,0,0,0,0,0,285000
7,6951,5,5,1984,0,2,1,2,444,0,40,0,0,0,0,119500
6,3950,6,8,1926,1,3,1,2,0,246,0,0,0,0,0,115000
6,7681,5,6,1921,0,3,1,2,48,28,0,0,0,0,0,154900
6,8335,5,5,1954,0,3,1,2,295,84,0,0,0,0,0,93000
3,11170,7,5,1990,0,3,1,2,63,0,0,0,0,0,0,250000
9,5587,8,5,2008,0,2,1,2,196,68,0,0,0,0,0,392500
12,15623,10,5,1996,1,3,1,2,0,0,0,0,0,0,0,745000
6,10800,5,6,1920,1,3,1,2,0,36,0,0,0,0,0,120000
7,35133,5,4,1963,1,3,1,1,0,0,0,0,0,0,0,186700
7,9738,5,7,1924,1,2,1,1,0,0,0,0,0,0,0,104900
10,10615,3,5,1900,1,3,1,1,352,0,0,0,0,0,0,95000
7,12461,8,5,1994,0,2,1,2,0,55,0,0,225,0,0,262000
9,8935,7,5,2002,0,3,1,1,0,0,240,0,0,0,0,195000
4,7500,7,5,1999,0,2,1,1,0,29,0,0,0,0,0,189000
7,32463,4,4,1961,1,3,1,2,0,28,0,0,0,0,0,168000
8,2645,8,5,1999,1,4,1,3,0,0,0,0,0,0,0,174000
7,9600,5,8,1925,0,2,1,3,0,0,0,0,0,0,0,125000
9,4500,6,5,1999,0,4,1,3,0,43,0,0,0,0,0,165000
6,9364,6,7,1969,0,2,1,3,354,56,0,0,156,0,0,158000
8,8029,6,5,2005,1,4,1,3,148,95,0,0,0,0,0,176000
5,14054,7,5,2006,1,3,1,2,194,84,0,0,0,0,0,219210
7,8850,7,6,1916,1,3,1,2,243,142,0,0,0,0,0,144000
11,9100,7,5,2001,1,4,1,3,176,64,0,0,0,0,0,178000
8,11235,4,5,1963,1,4,1,3,120,34,0,0,0,0,0,148000
3,9353,4,5,1970,0,2,1,3,204,49,0,0,0,0,0,116050
8,10400,7,5,1998,0,2,1,3,144,68,0,0,0,0,0,197900
2,6000,5,8,1925,1,3,1,3,168,127,0,0,0,0,0,117000
3,9750,7,5,2000,0,2,1,2,196,56,0,0,0,0,0,213000
6,10140,5,6,1975,0,1,1,3,266,100,0,0,0,0,0,153500
6,14684,7,7,1990,0,2,1,2,228,75,0,0,0,0,0,271900
2,8900,4,4,1966,1,3,1,2,0,24,0,0,0,0,0,107000
9,9135,6,5,2003,1,3,1,2,0,32,0,0,0,0,0,200000
7,7763,5,7,1962,0,3,1,2,100,0,0,0,0,0,0,140000
6,10182,8,5,2006,1,4,1,3,120,46,0,0,0,0,0,290000
10,11218,6,5,1992,1,3,1,2,100,32,0,0,0,0,0,189000
11,12134,8,7,1988,0,2,1,2,100,16,0,0,0,0,0,164000
5,9340,4,6,1941,0,2,1,2,130,30,0,0,0,0,0,113000
9,10246,4,9,1965,0,2,1,2,143,20,0,0,0,0,0,145000
6,10205,5,5,1962,0,2,1,2,90,0,0,0,0,0,0,134500
7,7094,5,5,1966,1,3,1,2,100,48,0,0,0,0,0,125000
4,8930,6,5,1978,1,3,1,2,0,0,0,0,0,0,0,112000
8,8640,8,5,2009,1,4,1,3,400,45,0,0,0,0,0,229456
2,6240,4,5,1947,1,3,1,3,210,31,0,0,0,0,0,80500
6,1680,6,5,1971,1,3,1,3,0,50,0,0,0,0,0,91500
3,7800,5,5,1964,1,4,1,3,247,55,0,0,0,0,0,115000
6,8250,5,5,1968,1,4,1,3,307,169,168,0,0,0,0,134000
5,10496,6,6,1949,1,4,1,3,870,86,0,0,210,0,0,143000
6,10680,5,3,1951,1,4,1,3,200,95,0,0,0,0,0,137900
10,15384,7,5,2004,1,3,1,3,432,136,0,0,0,0,0,184000
1,10482,6,8,1958,1,3,1,2,200,70,0,0,0,0,0,145000
9,14598,6,5,2007,1,2,1,3,0,240,200,0,0,0,0,214000
9,8872,5,8,1965,0,3,1,2,144,0,0,0,0,0,0,147000
10,8769,9,5,2008,0,2,1,2,0,60,0,0,0,0,0,367294
11,7910,5,5,1960,1,3,1,3,0,265,0,0,0,0,0,127000
2,18890,5,5,1977,1,3,1,2,0,53,0,0,0,0,0,190000
1,7728,5,6,1962,1,3,1,0,4,50,0,0,0,0,0,132500
10,9842,4,5,1962,0,3,1,2,144,55,0,0,0,0,0,101800
3,12160,5,5,1959,1,3,1,0,0,39,0,0,0,0,0,142000
4,8525,5,6,1911,1,3,1,2,144,101,0,0,0,0,0,130000
3,13132,5,5,1914,1,3,1,2,100,77,0,0,0,0,0,138887
7,2628,7,5,2003,1,3,1,2,150,165,0,0,0,0,0,175500
10,12393,7,5,2004,1,3,1,2,307,85,0,0,224,0,3000,195000
7,13072,6,5,2005,0,2,1,2,0,46,0,0,0,0,0,142500
6,9037,8,5,2006,0,2,1,2,0,64,0,0,0,0,0,265900
7,8158,7,5,2003,1,3,1,2,0,40,0,0,0,0,0,224900
7,9849,7,6,2007,0,3,1,2,0,0,0,0,0,0,0,248328
8,10625,7,6,1974,0,4,2,2,0,0,0,0,0,0,0,170000
3,13891,10,5,2006,0,2,1,2,161,0,0,0,0,0,0,465000
7,11435,8,7,1929,0,3,1,1,0,0,0,0,0,0,0,230000
11,12090,6,7,1984,0,3,1,1,0,155,0,0,0,0,0,178000
10,8125,7,5,2005,0,2,1,2,203,74,0,0,0,0,0,186500
1,12328,6,5,1976,1,3,1,1,0,0,0,0,0,0,0,169900
4,9600,6,5,1917,0,3,1,0,0,0,0,0,0,0,0,129500
6,7200,5,7,1950,0,3,1,1,64,0,0,0,0,0,0,119000
1,11160,7,5,1968,0,3,1,2,641,100,0,0,0,800,0,244000
10,3136,7,5,2003,1,3,1,3,177,208,186,0,0,0,0,171750
5,9858,5,6,1968,1,1,1,2,0,191,0,0,0,0,0,130000
7,17542,7,7,1974,1,2,1,2,0,166,0,0,0,0,0,294000
6,6931,7,5,2003,1,2,1,2,0,32,0,0,0,0,0,165400
7,6240,6,6,1931,1,2,1,2,0,50,0,0,0,0,0,127500
11,14303,8,5,1994,1,3,1,1,0,382,0,0,110,0,0,301500
9,4060,5,8,1922,0,3,1,2,0,266,0,0,0,0,0,99900
7,9587,7,5,2005,0,2,1,2,140,153,0,0,0,0,0,190000
4,9750,6,8,1969,0,3,1,2,0,20,35,0,264,0,0,151000
7,24682,6,5,1999,0,3,1,2,0,0,0,0,0,0,0,181000
6,9600,5,6,1956,1,4,1,2,0,60,0,0,270,0,455,128900
8,11250,4,5,1957,0,2,1,2,94,0,0,0,0,0,0,161500
8,13515,6,6,1919,0,3,1,1,143,0,0,0,0,0,0,180500
3,4060,6,5,1998,0,3,1,1,182,88,0,0,0,0,0,181000
7,3735,7,5,1999,0,3,1,1,0,78,0,0,0,0,0,183900
6,10120,7,4,1910,0,3,1,1,200,25,211,0,0,0,460,122000
4,13214,9,5,2008,1,3,1,2,154,60,0,0,0,0,0,378500
7,14100,8,9,1935,1,4,1,2,0,32,240,0,0,0,0,381000
5,11344,5,5,1958,0,3,1,1,0,0,0,0,0,0,0,144000
7,23595,7,6,1979,0,2,1,1,228,0,40,0,0,0,0,260000
5,9156,6,7,1968,0,2,1,1,125,48,0,0,0,0,0,185750
6,13526,5,6,1965,0,3,1,2,144,0,205,0,0,0,0,137000
7,11512,6,7,1959,0,2,1,1,0,40,324,0,0,0,0,177000
5,5362,5,6,1910,0,3,1,1,0,0,0,0,0,0,0,139000
7,11345,5,5,1948,1,3,1,1,245,60,0,0,0,0,0,137000
3,12936,6,6,1972,0,2,1,1,0,0,160,0,0,0,0,162000
10,17871,6,5,1967,0,4,2,2,0,0,0,0,0,0,0,197900
11,9473,8,5,2002,0,3,1,2,0,69,0,0,0,0,0,237000
10,7500,4,4,1920,0,2,1,2,0,0,0,0,0,0,0,68400
3,9808,7,5,2002,1,3,1,1,0,60,0,0,0,0,0,227000
12,8049,7,5,1990,1,3,1,2,80,0,0,0,0,0,0,180000
2,8800,5,7,1977,0,3,1,1,191,0,0,0,120,0,0,150500
5,9400,6,5,1971,0,3,1,1,0,211,180,0,142,0,0,139000
6,9638,6,7,1919,0,3,1,1,0,0,0,0,0,0,0,169000
1,6000,6,6,1939,0,2,1,1,0,154,0,0,0,0,0,132500
6,9790,6,5,1963,1,2,1,2,0,0,0,0,0,0,0,143000
9,36500,5,5,1964,0,3,1,2,0,0,0,0,0,0,0,190000
7,5664,8,5,2000,0,2,1,1,0,0,0,0,288,0,0,278000
11,11065,8,5,2006,1,3,1,1,0,0,0,0,0,0,650,281000
6,14112,5,7,1964,0,2,1,1,0,0,0,0,195,0,0,180500
12,1680,5,7,1972,1,3,1,3,0,0,90,0,0,0,0,119500
6,6600,5,4,1892,0,2,1,2,75,0,0,323,0,0,400,107500
7,10140,7,5,1976,1,5,1,3,631,48,148,0,0,0,0,162900
10,8172,5,7,1955,1,3,1,2,0,28,0,0,0,0,0,115000
10,8400,5,5,1968,0,2,1,1,0,75,161,0,0,0,0,138500
8,8700,5,6,1963,0,2,1,2,0,0,75,0,112,0,0,155000
3,3675,6,5,2005,0,1,1,1,0,0,70,0,0,0,0,140000
4,63887,10,5,2008,0,3,1,2,49,0,231,0,0,0,0,160000
2,7500,5,7,1959,1,4,1,2,120,0,96,0,0,0,0,154000
6,10762,7,5,1999,0,3,1,1,345,75,0,0,0,0,0,225000
5,7500,6,7,1942,1,3,1,1,0,240,0,0,0,0,0,177500
8,10120,8,5,1994,0,3,1,2,355,98,0,0,144,0,0,290000
6,8688,7,5,2005,0,2,1,2,0,68,0,0,227,0,0,232000
9,3363,7,5,2004,0,3,1,2,520,102,0,0,0,0,0,130000
9,13173,9,5,2006,1,3,1,1,199,0,168,0,0,0,0,325000
12,6955,7,5,2005,0,2,2,2,0,0,0,0,0,0,0,202500
9,8072,5,5,1994,0,4,2,0,0,0,0,0,0,0,0,138000
7,12000,5,7,1948,0,3,1,1,0,0,0,0,162,0,0,147000
3,7153,6,5,1991,0,3,1,2,0,0,0,0,0,0,0,179200
2,17500,7,8,1959,0,3,1,1,0,0,0,0,0,0,0,335000
3,8814,7,5,2005,0,3,1,0,96,80,0,0,0,0,0,203000
6,9572,8,5,1990,0,5,1,2,0,72,167,0,0,0,0,302000
5,14774,9,5,1999,0,3,1,1,0,0,140,0,0,0,0,333168
7,8190,4,6,1954,0,4,1,1,0,0,0,0,0,0,0,119000
6,11075,6,5,1969,0,3,1,2,0,24,0,0,0,0,0,206900
5,10226,8,5,2008,0,4,1,2,264,0,84,0,0,0,0,295493
7,4230,7,5,2006,0,2,1,1,280,0,68,0,0,0,0,208900
4,14781,8,5,2001,0,4,2,2,0,6,28,0,0,0,0,275000
6,10215,4,5,1954,0,2,1,1,0,0,112,0,0,0,0,111000
7,8400,6,3,1957,0,2,1,1,50,81,123,0,0,0,0,156500
8,6627,3,6,1949,0,2,1,1,0,0,0,0,115,0,0,72500
3,10186,7,5,1992,0,2,1,1,0,0,104,0,225,0,0,190000
6,5330,4,7,1940,0,3,1,2,0,0,0,0,0,0,0,82500
8,9986,8,5,2006,1,5,1,2,24,0,296,0,0,0,0,147000
6,3636,4,4,1922,0,1,1,1,0,0,78,0,0,0,0,55000
5,4270,3,6,1931,1,3,1,1,0,0,0,0,0,0,0,79000
6,6600,5,9,1982,0,2,1,1,112,0,0,0,0,0,0,130500
7,10440,6,7,1920,0,5,1,2,0,341,88,0,0,0,0,256000
12,9084,7,5,1998,0,2,2,0,0,130,256,0,0,0,0,176500
7,10000,8,5,2006,0,3,1,2,0,0,0,0,0,0,4500,227000
10,10780,5,5,1976,0,2,1,0,0,0,105,0,0,0,0,132500
5,8877,4,6,1938,0,2,1,1,27,36,42,0,0,0,0,100000
11,7200,5,6,1938,0,3,1,1,0,24,0,0,0,0,0,125500
2,2368,5,6,1970,0,3,1,1,0,0,55,0,0,0,0,125000
7,9650,6,5,1977,0,2,1,1,168,0,112,0,0,0,0,167900
10,9246,5,5,1973,0,5,1,2,0,0,0,0,0,0,0,135000
10,4118,4,4,1941,0,3,1,2,218,0,0,0,210,0,0,52500
7,13450,7,5,2002,0,3,1,1,0,72,45,0,0,0,0,200000
9,9560,5,7,1972,0,2,1,0,0,0,0,0,0,0,0,128500
3,8294,4,5,1971,0,3,1,1,0,0,164,0,0,0,0,123000
6,13695,6,5,2003,0,3,1,1,0,0,0,0,0,0,0,155000
7,9375,8,5,2002,0,4,2,2,0,180,0,0,0,0,0,228500
6,7558,6,6,1928,0,3,1,2,0,0,225,0,0,0,600,177000
6,11103,7,5,2006,0,2,1,1,0,0,121,0,0,0,0,155835
1,6000,4,4,1920,0,2,1,1,0,108,0,0,0,0,0,108500
5,20781,7,7,1968,0,2,1,1,0,120,0,0,0,0,0,262500
6,15306,8,5,2006,0,3,1,2,314,48,0,0,0,0,0,283463
7,16196,7,5,1998,0,2,1,1,77,0,0,0,0,0,500,215000
6,5250,8,5,1872,0,3,1,1,0,88,0,0,0,0,0,122000
7,11643,5,5,1969,1,3,1,2,284,0,0,0,0,0,0,200000
7,9247,6,6,1962,0,3,1,2,131,0,0,0,180,0,0,171000
8,6000,6,9,1937,0,6,2,2,170,0,0,0,0,0,0,134900
5,14720,8,5,1995,0,6,2,2,32,0,0,0,0,0,0,410000
4,10316,7,5,2000,0,2,1,1,0,0,116,0,0,0,0,235000
6,10192,7,6,1968,0,2,1,2,0,115,168,0,0,0,0,170000
4,9477,5,5,1966,0,1,1,2,238,0,148,0,0,0,0,110000
6,12537,5,6,1971,0,2,1,2,0,0,0,0,0,0,0,149900
4,2117,6,5,2000,1,2,1,1,188,36,0,0,200,0,0,177500
6,16737,9,5,2004,1,3,1,2,237,0,0,0,0,0,0,315000
3,9842,5,6,1921,0,3,1,1,264,0,0,0,0,0,0,189000
12,16158,7,5,2005,0,4,1,3,0,42,0,0,180,0,0,260000
12,12513,4,4,1920,1,5,1,2,684,80,32,0,0,0,0,104900
5,8499,6,5,2006,0,3,1,2,453,253,144,0,0,0,0,156932
4,3180,7,5,2005,0,3,1,2,0,189,36,0,348,0,0,144152
3,7500,7,5,2000,0,3,1,1,0,0,0,0,0,0,0,216000
7,9179,7,5,1999,1,5,1,1,0,0,0,0,0,0,0,193000
11,2665,5,6,1977,1,4,1,2,0,245,0,0,168,0,0,127000
4,4435,6,5,2003,0,2,2,4,288,0,0,0,0,0,0,144000
7,10635,8,5,2003,1,3,1,3,0,40,0,0,0,0,0,232000
2,5400,4,6,1920,0,2,1,2,105,58,0,0,0,0,0,105000
7,9600,6,6,1955,0,3,1,2,0,32,0,0,0,0,0,165500
8,9750,7,6,1998,1,2,1,3,176,80,0,0,0,0,0,274300
5,11400,10,5,2001,1,3,1,2,144,54,0,0,0,0,0,466500
3,10625,7,5,2005,0,3,1,2,100,45,0,0,0,0,0,250000
6,10991,8,5,2007,1,3,1,2,144,45,0,0,0,0,0,239000
7,6292,6,5,1930,0,3,1,2,0,58,0,0,0,0,0,91000
6,10998,5,5,1941,1,3,1,2,0,0,0,0,0,0,0,117000
8,1953,6,5,1973,1,3,1,2,413,91,0,0,0,0,0,83000
5,9735,5,5,2006,0,3,1,2,0,130,0,0,0,0,0,167500
6,8212,3,3,1914,1,3,1,2,140,85,0,0,0,0,0,58500
9,12925,6,7,1970,1,3,1,2,208,107,0,0,0,0,0,237500
12,7200,7,7,1920,1,3,1,1,406,36,0,0,0,0,0,157000
4,25339,5,7,1918,0,3,1,3,386,0,0,0,0,0,0,112000
3,9060,6,5,1939,0,3,1,1,0,0,0,0,0,0,0,105000
7,5436,4,8,1922,1,3,1,2,320,54,0,0,0,0,0,125500
8,16692,7,5,1978,1,3,1,2,176,73,0,0,0,0,0,250000
6,8520,6,7,1916,1,1,1,2,68,166,0,0,0,0,0,136000
9,14892,9,5,2006,1,4,1,2,0,108,0,0,0,0,0,377500
7,6000,6,6,1941,1,3,1,3,197,80,0,0,0,0,0,131000
8,9100,7,5,2000,1,4,1,2,120,48,0,0,0,0,0,235000
5,8944,5,5,1967,1,3,1,3,128,84,0,0,0,0,0,124000
7,7838,5,5,1967,1,4,1,2,275,170,0,0,0,0,0,123000
4,10800,6,7,1905,0,1,1,2,140,0,0,0,0,0,0,163000
3,4045,7,5,2006,0,3,1,2,0,68,0,0,0,0,0,246578
8,12665,8,5,2005,1,3,1,2,0,105,0,0,0,0,0,281213
3,57200,5,5,1948,1,3,1,2,144,36,0,0,0,0,0,160000
9,6120,5,8,1920,0,3,1,2,136,43,0,0,0,0,0,137500
10,7200,5,4,1950,0,3,1,2,147,0,0,0,0,0,420,138000
10,6171,6,6,1925,0,4,0,0,0,0,0,0,0,0,0,137450
12,6000,6,7,1929,0,2,1,1,0,92,0,0,112,0,0,120000
5,7415,6,5,2004,1,3,1,2,168,57,0,0,0,0,0,193000
4,6762,7,5,2006,0,2,1,0,32,0,0,0,0,0,0,193879
2,15256,8,5,2007,1,3,1,2,0,274,0,0,0,0,0,282922
10,10410,3,4,1915,0,2,1,2,0,44,0,0,0,0,0,105000
5,3842,8,5,2004,0,3,1,2,0,40,0,0,0,0,0,275000
4,8445,5,7,1972,0,3,1,1,0,0,0,0,0,0,0,133000
5,8780,5,5,1985,0,3,1,2,0,0,208,0,0,0,0,112000
5,7740,4,7,1910,1,4,1,1,0,0,56,0,0,0,0,125500
10,20544,7,6,1986,0,3,1,2,0,30,0,0,0,0,0,215000
9,12420,7,5,2001,0,3,1,0,0,0,112,0,0,0,0,230000
2,9600,6,8,1950,0,1,1,1,0,0,100,0,0,0,0,140000
9,7200,4,5,1949,0,3,1,1,212,0,0,0,0,0,0,90000
7,10994,8,5,2005,0,3,1,1,0,0,0,0,0,0,0,257000
7,13053,6,7,1923,0,3,1,1,0,0,0,0,0,0,0,207000
5,3635,7,5,2007,0,3,1,1,530,0,56,0,0,0,0,175900
6,11340,4,6,1885,0,3,1,1,0,0,164,0,0,0,0,122500
9,16545,8,5,1998,1,4,1,1,0,0,212,0,0,0,0,340000
7,9204,5,5,1963,0,3,1,1,0,126,0,0,0,0,0,124000
11,16381,6,5,1969,0,4,1,1,0,0,0,0,0,0,0,223000
9,11700,6,6,1968,1,3,1,1,0,0,429,0,0,0,0,179900
2,4043,6,5,1977,1,2,1,1,0,0,0,0,113,0,0,127500
2,4435,6,5,2003,0,4,1,2,0,0,0,0,0,0,0,136500
5,19690,6,7,1966,1,3,1,3,0,0,0,0,104,0,0,274970
11,9503,5,5,1958,1,3,1,2,0,90,0,0,0,0,0,144000
7,10721,6,6,1959,0,4,1,1,0,0,0,0,192,0,0,142000
8,10944,7,5,1994,0,2,1,1,160,0,0,0,0,0,0,271000
5,10930,5,6,1945,0,3,1,2,96,0,132,0,0,0,0,140000
6,7200,5,7,1940,0,2,1,0,0,0,112,0,0,0,0,119000
3,12546,6,7,1981,0,2,1,1,184,0,70,0,0,0,0,182900
4,21930,5,5,2005,0,4,1,1,0,21,0,0,0,0,0,192140
10,4928,6,6,1976,0,2,1,0,0,0,23,0,0,0,0,143750
10,10800,4,6,1927,0,4,2,0,0,0,0,0,0,0,0,64500
4,10261,6,5,2000,0,2,1,0,0,0,0,0,0,0,0,186500
2,17400,5,5,1977,0,2,1,2,123,53,0,0,153,0,0,160000
12,8400,6,9,1962,0,2,1,2,128,53,0,0,155,0,0,174000
9,9000,4,6,1971,0,3,1,2,136,28,0,0,0,0,0,120500
10,12444,8,5,2008,0,4,2,2,0,0,0,0,0,0,0,394617
5,7407,6,7,1957,0,3,1,2,120,100,0,0,0,0,0,149700
5,11584,7,6,1979,0,3,1,2,0,0,0,0,0,0,0,197000
3,11526,6,7,1922,0,2,1,2,0,0,0,0,138,0,0,191000
10,4426,6,5,2004,0,2,1,2,0,173,0,0,0,0,0,149300
11,11003,10,5,2008,0,3,1,3,172,38,0,0,0,0,0,310000
9,8854,6,6,1916,0,3,1,3,161,225,0,0,0,0,0,121000
5,8500,7,5,2004,1,3,1,1,0,0,135,0,0,0,0,179600
11,8400,6,5,1966,0,2,2,4,0,48,0,0,0,0,0,129000
5,26142,5,7,1962,1,3,1,1,141,0,0,0,0,0,0,157900
10,10000,8,5,1995,0,3,1,1,0,120,0,0,0,0,0,240000
3,11767,4,7,1910,0,4,2,3,0,0,0,0,0,0,0,112000
4,1533,5,7,1970,0,1,1,0,0,0,0,0,0,0,0,92000
5,9000,5,5,1974,1,3,1,1,0,0,0,0,0,0,0,136000
5,9262,8,5,2008,0,3,1,1,160,0,0,0,0,0,0,287090
12,3675,5,5,2005,1,3,1,1,0,0,0,0,0,0,0,145000
6,17217,5,5,2006,1,3,1,0,0,34,0,0,0,0,0,84500
6,7500,7,5,2004,1,3,1,0,0,0,0,0,0,0,0,185000
4,7917,6,5,1999,1,3,1,1,0,24,0,0,0,0,0,175000
9,13175,6,6,1978,0,4,1,2,474,0,0,0,0,0,0,210000
7,9042,7,9,1941,0,3,1,0,80,32,0,0,0,0,700,266500
11,9717,5,6,1950,1,3,1,3,190,48,0,0,0,0,0,142125
,9937,5,6,1965,,,,,,,,,,,,147500
